key,dI,dB_X,dB_X_err,dB_Y,dB_Y_err,dB_Z,dB_Z_err
1,0.09689825492222225,0.03217508823919957,0.03320732515431123,0.1275788374236262,0.03141915598243791,0.01127953830166284,0.03688239776631115
2,0.27754831,-0.053356670042461474,0.03679006887112686,-0.10268422969792024,0.03086384160246871,0.1443725784861094,0.04285246667034579
3,0.03102003333333342,-0.06128738356326835,0.03366693940998345,-0.21389895082024069,0.024891025202850543,-0.05818757738973268,0.03749374371492677
4,-0.25669597555555557,0.04874935427815785,0.027802799967950997,-0.1105956160631747,0.03215941924004071,-0.0644206800982925,0.04228080077703605
5,0.22930939000000006,-0.05809452742707322,0.03758120872747481,0.0010989867911561646,0.03068670763317282,-0.10272410288365741,0.04706297189680524
6,0.038979560000000246,0.21143616022894207,0.05992961717129091,0.199790407231748,0.032398051450505914,-0.035580086359724206,0.0327612021801233
7,0.08596318999999997,-0.08384368618848725,0.05610086208017944,-0.08669496694929268,0.03689267115250055,0.054252549016768015,0.03764899715908317
8,-0.34891059999999996,-0.013960868389972347,0.03425119175751799,0.01640845528647894,0.024781761256616273,0.1534509653255931,0.038545092382888356
9,-0.0744281166,0.146403866936879,0.03420736938710772,0.10298834070364649,0.04613689959192827,-0.051449060950153225,0.03572001825617767
