key,dI,dB_X,dB_X_err,dB_Y,dB_Y_err,dB_Z,dB_Z_err
1,0.09689825492222225,-8.778351620756439,0.6023683793562239,1.3624433310615132,0.3268833653440215,1.250347311492078,1.3331833835414646
2,0.27754831,-6.406465930907871,0.5376496941619898,4.040117274125805,0.37841439777804575,-6.217286642407998,0.7617388344951453
3,0.03102003333333342,2.812870945504983,0.6070562330958539,-1.6566981799915084,0.22175527752132385,4.881470887572505,0.7449491314437465
4,-0.25669597555555557,-3.299204514856683,1.2388270282987808,-0.9112941781277186,0.5352236982903167,-2.33667544455966,1.3126645251369793
5,0.22930939000000006,6.2904955351987155,1.0806805908455546,-2.2441934114394826,0.4764958228336234,-1.1590761263505556,0.584846545021934
6,0.038979560000000246,-4.589367854932789,1.1017579194773808,5.3406236928276485,0.6465945999483402,-12.587119948118925,0.7703514728107436
7,0.08596318999999997,0.43705268268240616,0.683731327196797,2.3381479217568994,0.2758825787871084,-9.229219866450876,0.5144596224166004
8,-0.34891059999999996,-0.25452401430811733,0.30421163925874833,0.6721483331421041,0.29995563915793044,-3.1378959418507293,1.037446722732394
9,-0.0744281166,4.652693922718754,0.8775430996267272,-1.181219677790068,0.4216752226432256,3.316701351897791,0.9618129705512032
