key,dI,dB_X,dB_X_err,dB_Y,dB_Y_err,dB_Z,dB_Z_err
1,0.09689825492222225,-0.01644188140766545,0.0493215914825506,0.05761170787532244,0.043230683207819934,0.11405364898870118,0.057172131055644275
2,0.27754831,-0.0992796951743884,0.05452245185035082,-0.09975386083981164,0.038971317667314286,0.10551132379505557,0.049075389279035625
3,0.03102003333333342,-0.28572986679042245,0.04473439433202781,-0.18757565370244222,0.038444261830526974,0.07376295565172963,0.04204619017050849
4,-0.25669597555555557,0.3585515505076664,0.04593761246044077,-0.1365109569457612,0.049947937747739875,-0.040307878584926904,0.05659791413000965
5,0.22930939000000006,-0.20708219686697404,0.06481826674785823,0.1696903482531127,0.04495740104036558,-0.0003462144056936012,0.04872589486609001
6,0.038979560000000246,0.3382254243998055,0.06152226364573822,0.04934874766981068,0.05077549239972773,0.022165527901320203,0.044802127571694446
7,0.08596318999999997,-0.3289727728021816,0.0676148462840911,-0.18450272581860538,0.057433533856599675,0.08945075225897892,0.04665807639211195
8,-0.34891059999999996,-0.013487369915898384,0.05184274619934325,-0.01655715832815119,0.03781399167217707,0.17565440662593979,0.04802030525042072
9,-0.0744281166,0.3037521396828833,0.0536588174459514,0.10220587965777028,0.05543940244827507,0.12595675327622935,0.041220590646103075
