key,dI,dB_X,dB_X_err,dB_Y,dB_Y_err,dB_Z,dB_Z_err
1,0.09689825492222225,-0.07983654881724345,0.0488751879177613,-0.045412083480961485,0.04463450154058693,0.15533107264607948,0.047599742966443426
2,0.27754831,0.16909549665961432,0.040025165646322164,-0.14044892413957655,0.05339819447597132,0.3632736409185975,0.045255211734893754
3,0.03102003333333342,-0.19373475288147812,0.04592460722670175,-0.2879035308596727,0.03913888938063221,-0.25094384754284826,0.05203607581763115
4,-0.25669597555555557,-0.027470543180529106,0.04597702408014266,0.1556800475918294,0.05272818669847583,-0.16059504402333213,0.041700407251357666
5,0.22930939000000006,0.06023554076431559,0.049894834435152156,0.054322980261076736,0.0529337494272315,-0.004596575631424127,0.05459353691142735
6,0.038979560000000246,-0.06975927752207234,0.07420717600549735,0.16955930740549263,0.039413907252747606,-0.016042160537645955,0.055134570027786114
7,0.08596318999999997,-0.3748795602614887,0.06050226831140064,0.0008350114008237597,0.05899601753999903,0.27339108262425715,0.05211288614745059
8,-0.34891059999999996,-0.1255604427114987,0.042956077591349555,0.00463572194905737,0.04435326234967208,-0.07681533143163355,0.04369828666870659
9,-0.0744281166,0.387361655186087,0.050963747668814965,0.3744224961168001,0.04947344063101652,-0.051705960505727955,0.04005255771136729
