key,dI,dB_X,dB_X_err,dB_Y,dB_Y_err,dB_Z,dB_Z_err
1,0.09689825492222225,-0.03643161222194635,0.04448000019368252,0.26284600436645267,0.04308166115996112,0.07673843132545244,0.04574277683535282
2,0.27754831,0.0995829018111678,0.05731230195349474,0.056821279955511006,0.04599555377104793,0.030495571561186097,0.055641598687706476
3,0.03102003333333342,-0.18139751811007443,0.054294435712398455,-0.4383257838297354,0.0517109407763122,0.05285805893312201,0.05642043915153314
4,-0.25669597555555557,0.01155191378472864,0.0345279325720118,-0.3101003734705441,0.06421875857756369,-0.04286985197881776,0.0627608868565994
5,0.22930939000000006,-0.191492574521547,0.05549567541778276,-0.00018690644486385466,0.04369957995956044,-0.07669475864457098,0.05337559525679122
6,0.038979560000000246,0.03683879657734224,0.07320138305897532,0.16942182590297927,0.05492199914689552,-0.02151933251005289,0.052563764517282084
7,0.08596318999999997,-0.04721586651283616,0.07784215739405606,-0.04321328733343188,0.04215137601228017,0.12074433562174036,0.04746991332334121
8,-0.34891059999999996,0.07695642403179193,0.060315965192634526,0.06258400010319365,0.042949375380302926,0.1157785307086634,0.047811951419332525
9,-0.0744281166,0.1452252874273583,0.042520046684844236,-0.005478320432479311,0.060585533952305884,-0.058878013265768914,0.05581937110704055
