key,dI,dB_X,dB_X_err,dB_Y,dB_Y_err,dB_Z,dB_Z_err
1,0.08240720863333334,0.10885537949275116,0.27815828516570795,-0.019161069024995925,0.2238401307253525,0.1903244848729695,0.2749060019336722
2,-0.08240121150000003,0.0007421497891222372,0.27815828516570795,-0.18005062294624707,0.2238401307253525,0.20045994730844208,0.2749060019336722
