key,dI,dB_X,dB_X_err,dB_Y,dB_Y_err,dB_Z,dB_Z_err
1,0.08240720863333334,0.15356913369743094,0.1829269961891008,-0.013504567130500078,0.14086878627144267,0.1302861094454144,0.19095130902721671
2,-0.08240121150000003,0.03180774288608745,0.1829269961891008,-0.033603800021721135,0.14086878627144267,-0.03131742971655527,0.19095130902721671
