key,dI,dB_X,dB_X_err,dB_Y,dB_Y_err,dB_Z,dB_Z_err
1,0.08240720863333334,0.18869160370893834,0.2006988256172399,-0.0078324979809139,0.14507768463129808,0.11874164830677357,0.22501390441406646
2,-0.08240121150000003,0.03614245191828136,0.2006988256172399,-0.02793586201396181,0.14507768463129808,-0.031969008149545175,0.22501390441406646
