key,dI,dB_X,dB_X_err,dB_Y,dB_Y_err,dB_Z,dB_Z_err
1,0.4064641092,0.08131263718778214,0.05579208590711498,0.13102531071564094,0.03692098354975402,0.11711996539489533,0.048230237968493885
2,0.07646194000000006,0.04350203625687854,0.04027729613573036,0.07380129145551706,0.0451043970553157,0.017425028790292174,0.05431701740051363
3,0.10491910999999987,0.18335339730350952,0.04554575123243767,0.10369314937904228,0.037104535474793615,-0.11304268151415542,0.054604193897532995
4,-0.10483928999999992,-0.05757185441800772,0.04062818569320916,-0.14486600999848065,0.04698698827373249,-0.014219850919563015,0.040054631098986826
5,-0.13280804363636356,0.26416217277395404,0.04771685098567162,-0.1568355242592947,0.04819799189944069,-0.2488588996007941,0.04520049896810243
6,-0.25201328,0.16415081212191396,0.043758034799622494,-0.008194314411753112,0.04911261803616671,0.09284372977810307,0.043721085637421137
