key,dI,dB_X,dB_X_err,dB_Y,dB_Y_err,dB_Z,dB_Z_err
1,0.4064641092,0.12736734072477773,0.060649480268194826,0.11322797480251623,0.04569256735608363,0.10590374045292883,0.05661978154015456
2,0.07646194000000006,0.1627458314080954,0.049712237327687675,0.12054646474086006,0.05052295580970764,-0.155049599457163,0.043237574368811434
3,0.10491910999999987,0.32042175149758734,0.04676998166067662,0.14780689466204855,0.03869746398148462,-0.23229253018086204,0.04413957283896738
4,-0.10483928999999992,0.005473373532193904,0.051565430551389256,-0.17909762048357436,0.04658717538315518,-0.048718615547224786,0.05147669086884234
5,-0.13280804363636356,0.026818898981399997,0.041221622409779314,0.2880447011873528,0.04696304183406133,-0.3280341160347806,0.040283930459010096
6,-0.25201328,0.43063643277378816,0.056534796564348885,-0.43106947862341727,0.05203943157298859,0.18186665505044886,0.046188903496260994
