key,dI,dB_X,dB_X_err,dB_Y,dB_Y_err,dB_Z,dB_Z_err
1,0.4064641092,0.02652912267475216,0.05470640628572977,0.04231602830035808,0.04598943451869897,0.006483029830413045,0.05121491071437612
2,0.07646194000000006,0.0010458754119344604,0.04569975151843215,0.35815680392594995,0.05096954305748472,0.15550471165603597,0.05404220506699353
3,0.10491910999999987,0.2176731008467616,0.048969437271451664,-0.11173429773940491,0.05551563200925379,-0.08882562843033881,0.0486123414379642
4,-0.10483928999999992,-0.07081651872992722,0.047327355395203975,-0.09854487755524888,0.06687671875416488,-0.1346454898977889,0.05727633140559866
5,-0.13280804363636356,0.20513690828251008,0.04962952293205753,0.26524164013740137,0.056259657633397055,0.019403338488977795,0.05254371350133652
6,-0.25201328,-0.24274383445750836,0.059592447003184175,-0.23854259392295862,0.04671613548608476,0.2948187310499861,0.050707405670493144
