key,dI,dB_X,dB_X_err,dB_Y,dB_Y_err,dB_Z,dB_Z_err
1,0.4064641092,0.26076583962353794,0.05815060697418392,-0.010961706081926703,0.03958781906901103,0.03684562167896388,0.051734974124916344
2,0.07646194000000006,0.08575751581731339,0.057267005988377424,0.051321914903838195,0.046262877127630934,-0.0021248102486239873,0.06484716562413201
3,0.10491910999999987,-0.10204394145545592,0.06151524653300026,0.291658798042552,0.040740280594540074,-0.24815639780546306,0.05449583851839306
4,-0.10483928999999992,0.3186217688796873,0.05257896516937141,-0.12164355092502355,0.05162423301510383,-0.1485101609924655,0.04490909123381906
5,-0.13280804363636356,0.08002731888385739,0.0498747615479639,-0.15661248741562828,0.05878271020651841,-0.1522931211327787,0.05432986052971563
6,-0.25201328,0.5108216592424029,0.06990319526862897,-0.2004349809591739,0.049646306944689036,0.4467341046367821,0.06250022242514609
