key,dI,dB_X,dB_X_err,dB_Y,dB_Y_err,dB_Z,dB_Z_err
1,0.4064641092,0.12283193287856875,0.04220365620101751,0.06646185190339793,0.027122267630948802,0.04370589733645147,0.0391421827428543
2,0.07646194000000006,0.07363778309769486,0.030361512703642627,0.1245415756292445,0.03165267427345078,-0.03084394181070138,0.0440151069308835
3,0.10491910999999987,0.08312068012853047,0.03463765468945418,0.06240007282691806,0.03296561288214976,-0.11689274541812722,0.03354851233065964
4,-0.10483928999999992,0.0017372130222099713,0.03214210231102242,-0.021065498215122602,0.03939621019361925,0.017433867310131745,0.03695502034765652
5,-0.13280804363636356,0.06138443636126567,0.03416946146279614,0.028753745331336233,0.034400747556424645,-0.0723765719865952,0.0362967465924115
6,-0.25201328,0.25420472976495034,0.037804914579529315,-0.1566941546721239,0.03468592516854744,0.2825790205108234,0.03478744377673238
