key,dI,dB_X,dB_X_err,dB_Y,dB_Y_err,dB_Z,dB_Z_err
1,0.1655530132,0.03130617593581064,0.029217749887986037,-0.2529401432278302,0.04213929074115757,-0.20448132909292216,0.030120803182657398
2,0.014177519999999999,0.026781413989311886,0.03537216196847497,0.2767669183084269,0.03707977136002958,0.15152067605686792,0.03080589210332039
3,0.010737740000000023,0.0606673411149643,0.028391328068856546,-0.02423327305207401,0.030484657370997755,0.048424052526382155,0.03945465821197413
4,-0.016334560000000026,0.06742348065387205,0.03634334739478204,0.0348723328627667,0.044276284850717565,0.19868037137256866,0.03359530301313656
5,0.15806114,-0.001082074201207206,0.04248913804253904,0.09622794317682448,0.030665435658173153,-0.15898930430729763,0.040297220019246134
6,-0.07530806000000007,-0.04489904723186555,0.027866653740433973,0.016050032608449172,0.03194699934789647,-0.015670468369629376,0.030342909125441124
7,-0.20214647540000003,0.014970277019699552,0.04054567172790884,-0.025706517197736645,0.027088774138591273,-0.03637956146609156,0.03491273377732398
