key,dI,dB_X,dB_X_err,dB_Y,dB_Y_err,dB_Z,dB_Z_err
1,0.1655530132,6.984765818997403,0.9696414812873253,-2.7219543825267465,0.4422022909470236,0.6922005282249302,0.6626998838080538
2,0.014177519999999999,-4.476655689417385,1.043301724254181,2.3770560465054587,0.7983964943393435,-3.8179880508687347,1.6514593847585606
3,0.010737740000000023,2.238815119402716,1.1028359656701872,-0.3403871041809907,0.3706239888969941,-4.551744182128459,0.44486439965744917
4,-0.016334560000000026,7.139437612175243,0.737791543957476,0.6156640658882679,0.48987601073838544,-4.470870421384461,0.8901752437662156
5,0.15806114,-10.880928486600169,1.4464839411622648,5.019724296922504,0.4429846203362321,-0.5940425544395112,0.4186196244829382
6,-0.07530806000000007,1.4072419803997036,0.37655871956349735,-1.4132226291840198,0.5406757885820795,3.0926900063059293,1.947654192683483
7,-0.20214647540000003,4.98518194053031,0.4716529958658016,-2.881043994995707,0.34559999542920417,2.587072863127105,1.0080265589095594
