key,dI,dB_X,dB_X_err,dB_Y,dB_Y_err,dB_Z,dB_Z_err
1,0.1655530132,-0.05321408378054571,0.04282784250340433,-0.34493115234521277,0.05081146516895892,-0.21953201675737333,0.03978704243883956
2,0.014177519999999999,-0.023197635982633358,0.039103804800355656,0.446840340915708,0.048101058253527215,0.04269517953185442,0.04333347757650036
3,0.010737740000000023,-0.2506181840808992,0.03029715627292725,-0.009849946158164258,0.03030635566291464,0.23354515520007268,0.04382606279099705
4,-0.016334560000000026,0.03533832175121887,0.03817355341588391,0.04516088987367084,0.053830500988476,0.2553572350708002,0.048838771760874554
5,0.15806114,-0.0874474324439376,0.04601585916022599,0.2052648449587835,0.05127556032161014,0.07662536204916037,0.054554011800558265
6,-0.07530806000000007,0.13346947062273173,0.031034491360261415,0.019449474903641573,0.040830071988727186,0.027706162130836987,0.03820166658880013
7,-0.20214647540000003,0.05582670327293826,0.04542122566490962,-0.0934657025445933,0.03192646153704213,-0.09833471609454492,0.050137801832627366
