key,dI,dB_X,dB_X_err,dB_Y,dB_Y_err,dB_Z,dB_Z_err
1,0.34353174090000005,-0.121984843384098,0.1825986992147356,-0.06119039869420818,0.14098284146244575,0.04307671341219077,0.18828613753264214
2,0.10210948000000007,-0.130700737994232,0.1825986992147356,0.054550623771071116,0.14098284146244575,-0.038629015387570576,0.18828613753264214
3,0.14303304000000006,-0.02810844969050663,0.1825986992147356,0.16582203784529526,0.14098284146244575,0.006835501167500979,0.18828613753264214
4,-0.2125266535353535,-0.17746687607001374,0.1825986992147356,-0.06669403070738866,0.14098284146244575,-0.162612710280456,0.18828613753264214
5,-0.5744534373535353,-0.14578669682026654,0.1825986992147356,-0.4108476491436335,0.14098284146244575,0.11011774525296404,0.18828613753264214
