key,dI,dB_X,dB_X_err,dB_Y,dB_Y_err,dB_Z,dB_Z_err
1,0.26676736,-0.035414919994572365,0.2458082062142108,0.2419539398495303,0.22566355272336766,0.15674051873762276,0.27816412343270763
2,0.02345718000000008,0.050920107572753885,0.2458082062142108,-0.12819344363713725,0.22566355272336766,-0.09388781145696967,0.27816412343270763
3,0.09207347999999993,0.2664845179508184,0.2458082062142108,0.31061921515009594,0.22566355272336766,-0.1480323442716287,0.27816412343270763
4,0.10994563999999996,-0.0428572656017252,0.2458082062142108,-0.20619322263742745,0.22566355272336766,0.013527928758007237,0.27816412343270763
5,-0.10787117999999997,-0.17370347494931335,0.2458082062142108,-0.022982862784351358,0.22566355272336766,0.24549156598462216,0.27816412343270763
6,-0.08936073999999994,0.034901764071335606,0.2458082062142108,0.0834577810023216,0.22566355272336766,-0.2890924276890292,0.27816412343270763
7,-0.39792342,0.09816092541955612,0.2458082062142108,-0.04364277592946842,0.22566355272336766,0.05436006438469399,0.27816412343270763
