key,dI,dB_X,dB_X_err,dB_Y,dB_Y_err,dB_Z,dB_Z_err
1,0.26676736,0.2269625652735385,0.259885443451743,0.18174100794883685,0.25138005379878525,0.2729578892099198,0.4201676443635005
2,0.02345718000000008,-0.014803454912083682,0.259885443451743,-0.08811435571393389,0.25138005379878525,-0.15831347544239094,0.4201676443635005
3,0.09207347999999993,-0.033785921911238866,0.259885443451743,0.09856157785490538,0.25138005379878525,0.15794038585232786,0.4201676443635005
4,0.10994563999999996,0.06782156821142138,0.259885443451743,-0.12336306355034665,0.25138005379878525,-0.08693390986806547,0.4201676443635005
5,-0.10787117999999997,-0.1893442522361397,0.259885443451743,0.04250876895385858,0.25138005379878525,0.5370343710157712,0.4201676443635005
6,-0.08936073999999994,0.1373846358582469,0.259885443451743,-0.16633285773237105,0.25138005379878525,-0.4376927071165824,0.4201676443635005
7,-0.39792342,0.2548373155121553,0.259885443451743,0.13101380075131175,0.25138005379878525,0.036381643661542284,0.4201676443635005
