key,dI,dB_X,dB_X_err,dB_Y,dB_Y_err,dB_Z,dB_Z_err
1,0.5359599053333334,-2.0973020358069334,6.1217884044754864,1.2533287236074102,2.5878079222056685,1.52367504168069,5.633539451341889
2,-0.5257870003333334,1.1409521652094554,6.1217884044754864,-1.6481800809924607,2.5878079222056685,8.71891703287838,5.633539451341889
