key,dI,dB_X,dB_X_err,dB_Y,dB_Y_err,dB_Z,dB_Z_err
1,0.5359599053333334,-0.2535780603504474,0.33031817664664803,0.07176947604378192,0.3323049016325049,-0.11934560857024223,0.26386302304116005
2,-0.5257870003333334,0.016067115788105824,0.33031817664664803,-0.14267162028600655,0.3323049016325049,0.06671045346741522,0.26386302304116005
