key,dI,dB_X,dB_X_err,dB_Y,dB_Y_err,dB_Z,dB_Z_err
1,0.5359599053333334,0.13213178879076537,0.3049674292336634,0.23759763724163463,0.25272283072682217,-0.038899607290595384,0.2495364875373843
2,-0.5257870003333334,0.30404602494533606,0.3049674292336634,-0.14858632740654798,0.25272283072682217,-0.2583552414127084,0.2495364875373843
