key,dI,dB_X,dB_X_err,dB_Y,dB_Y_err,dB_Z,dB_Z_err
1,0.5359599053333334,-0.000714918417060062,0.1829269961891008,0.0722052057959619,0.14086878627144267,-0.234485025727583,0.19095130902721671
2,-0.5257870003333334,0.010744441912635239,0.1829269961891008,-0.0767821894285774,0.14086878627144267,0.11279868414047911,0.19095130902721671
