key,dI,dB_X,dB_X_err,dB_Y,dB_Y_err,dB_Z,dB_Z_err
1,0.5359599053333334,0.13456566066094844,0.3054759027562873,-0.05932247957967185,0.1976110647840052,-0.22666063016384008,0.2451370291479421
2,-0.5257870003333334,0.05758316865841984,0.3054759027562873,0.048272456391430296,0.1976110647840052,0.022380227114997098,0.2451370291479421
