key,dI,dB_X,dB_X_err,dB_Y,dB_Y_err,dB_Z,dB_Z_err
1,0.5359599053333334,0.03704064079141034,0.2006988256172399,0.08542664428489388,0.14507768463129808,-0.39711578419324667,0.22501390441406646
2,-0.5257870003333334,-0.01025680867146228,0.2006988256172399,-0.09448090780443863,0.14507768463129808,0.2540559855408304,0.22501390441406646
