key,dI,dB_X,dB_X_err,dB_Y,dB_Y_err,dB_Z,dB_Z_err
1,0.5359599053333334,0.04725872453700042,0.27815828516570795,0.40548293508135913,0.2238401307253525,-0.28431128077192747,0.2749060019336722
2,-0.5257870003333334,-0.12213771781966543,0.27815828516570795,-0.24055745071359524,0.2238401307253525,-0.15622342081590168,0.2749060019336722
