key,dI,dB_X,dB_X_err,dB_Y,dB_Y_err,dB_Z,dB_Z_err
1,0.5359599053333334,-0.1584564512567539,0.2981709236511608,0.20919874186910592,0.2755442590876861,-0.40756434566723954,0.2612449397486718
2,-0.5257870003333334,-0.07011211979551035,0.2981709236511608,0.029386913701897388,0.2755442590876861,-0.0043008632648628975,0.2612449397486718
