key,dI,dB_X,dB_X_err,dB_Y,dB_Y_err,dB_Z,dB_Z_err
1,0.5359599053333334,-0.06114060881885486,0.32575640339540923,0.044504939715282354,0.27485415423632303,-0.3370266246481002,0.3025564889947024
2,-0.5257870003333334,0.17368532603236275,0.32575640339540923,0.07407021247060364,0.27485415423632303,0.03705871100912361,0.3025564889947024
