key,dI,dB_X,dB_X_err,dB_Y,dB_Y_err,dB_Z,dB_Z_err
1,0.5359599053333334,0.0023750294308619857,0.3159831973709406,-0.06744540742406002,0.24184335823990025,-0.12494428601476315,0.33809531199402315
2,-0.5257870003333334,-0.22191443068327388,0.3159831973709406,0.11416118168438327,0.24184335823990025,0.1404061336135971,0.33809531199402315
