key,dI,dB_X,dB_X_err,dB_Y,dB_Y_err,dB_Z,dB_Z_err
1,0.5359599053333334,0.00995426894138518,0.1825986992147356,0.08543294847969207,0.14098284146244575,-0.21797110523429808,0.18828613753264214
2,-0.5257870003333334,0.12211146024918662,0.1825986992147356,-0.00446990807611769,0.14098284146244575,0.20147171863314384,0.18828613753264214
