key,dI,dB_X,dB_X_err,dB_Y,dB_Y_err,dB_Z,dB_Z_err
1,0.1401841599404157,0.2587563348901369,0.3024021341148683,0.09930546477595036,0.2436694100569208,-0.033486508258887326,0.3633432468970251
2,0.2481835800000001,0.05717903418929283,0.3024021341148683,0.053149006026430363,0.2436694100569208,0.2611322529523345,0.3633432468970251
3,-0.04662502000000013,0.03959634228575126,0.3024021341148683,-0.02813220115087756,0.2436694100569208,-0.2724123757271002,0.3633432468970251
4,-0.03341862000000001,-0.0316457158655119,0.3024021341148683,0.24505412607456645,0.2436694100569208,-0.0248979110100418,0.3633432468970251
5,-0.03172754,-0.06938795301519107,0.3024021341148683,0.12932738237234975,0.2436694100569208,-0.22174762747160412,0.3633432468970251
6,-0.06885039999999998,0.19027599426360095,0.3024021341148683,-0.0015289569466094832,0.2436694100569208,0.24828414500248466,0.3633432468970251
7,-0.01860166000000002,0.06345528195832628,0.3024021341148683,0.07219915259987353,0.2436694100569208,0.5939082520957566,0.3633432468970251
8,-0.16841256652203235,-0.12105904551427925,0.3024021341148683,0.1576889439972664,0.2436694100569208,-0.4634084797938396,0.3633432468970251
