key,dI,dB_X,dB_X_err,dB_Y,dB_Y_err,dB_Z,dB_Z_err
1,0.1401841599404157,-0.03952969100262749,0.15528773989508066,0.012556117445683412,0.17174097512300546,0.012549369360502105,0.18748117367991526
2,0.2481835800000001,0.06781805170672328,0.15528773989508066,-0.14420455872302362,0.17174097512300546,-0.00435282025778605,0.18748117367991526
3,-0.04662502000000013,0.15517037640651665,0.15528773989508066,0.060528844856452935,0.17174097512300546,-0.19602799770332435,0.18748117367991526
4,-0.03341862000000001,-0.007880696073698346,0.15528773989508066,0.10869108461908183,0.17174097512300546,0.05441014266300037,0.18748117367991526
5,-0.03172754,0.019167818535265724,0.15528773989508066,0.0339445576959676,0.17174097512300546,-0.10973464045318247,0.18748117367991526
6,-0.06885039999999998,-0.05231128929651163,0.15528773989508066,-0.040767033016889435,0.17174097512300546,0.2589152144211502,0.18748117367991526
7,-0.01860166000000002,-0.13781179292169554,0.15528773989508066,0.10069599722667456,0.17174097512300546,0.0950142825325182,0.18748117367991526
8,-0.16841256652203235,0.035566677369757826,0.15528773989508066,0.107353902539975,0.17174097512300546,0.041538109523510336,0.18748117367991526
