key,dI,dB_X,dB_X_err,dB_Y,dB_Y_err,dB_Z,dB_Z_err
1,0.1401841599404157,0.9469713812286501,6.8485348313413965,-3.4839945269850428,4.821749677226033,7.948943054536357,6.03478229209152
2,0.2481835800000001,0.6975621200253954,6.8485348313413965,0.20214117048453767,4.821749677226033,-0.40679940982954577,6.03478229209152
3,-0.04662502000000013,-7.549615348558291,6.8485348313413965,2.3688728676424944,4.821749677226033,-4.156501374265646,6.03478229209152
4,-0.03341862000000001,-2.18539127187978,6.8485348313413965,0.908371387035004,4.821749677226033,2.0261139326612465,6.03478229209152
5,-0.03172754,1.3300750862981658,6.8485348313413965,0.21885622641275404,4.821749677226033,1.447487611963879,6.03478229209152
6,-0.06885039999999998,-1.4498007575020893,6.8485348313413965,-0.32871529393014504,4.821749677226033,3.3893147910130215,6.03478229209152
7,-0.01860166000000002,-3.987713223905303,6.8485348313413965,2.4827360445779045,4.821749677226033,-4.98264100169763,6.03478229209152
8,-0.16841256652203235,-6.928080107070855,6.8485348313413965,4.927415406396904,4.821749677226033,-2.0894267843686976,6.03478229209152
