key,dI,dB_X,dB_X_err,dB_Y,dB_Y_err,dB_Z,dB_Z_err
1,0.1401841599404157,-0.27013433976557,0.2404693471736765,0.10455182132286467,0.2439720388992704,-0.17391998556689406,0.2679225532999049
2,0.2481835800000001,0.09097356030819627,0.2404693471736765,0.16138827556672908,0.2439720388992704,0.01927821625817483,0.2679225532999049
3,-0.04662502000000013,0.14757300243300794,0.2404693471736765,0.1840783888786035,0.2439720388992704,-0.1529658115598913,0.2679225532999049
4,-0.03341862000000001,-0.030180102517550544,0.2404693471736765,0.1970679543706666,0.2439720388992704,-0.06059973427668153,0.2679225532999049
5,-0.03172754,0.08588417996485198,0.2404693471736765,0.07867320594610305,0.2439720388992704,-0.2214583185120529,0.2679225532999049
6,-0.06885039999999998,-0.08476538117266763,0.2404693471736765,0.009337480947294807,0.2439720388992704,0.2296342413947854,0.2679225532999049
7,-0.01860166000000002,-0.2088132443933608,0.2404693471736765,0.04505028502640585,0.2439720388992704,0.15763556306884352,0.2679225532999049
8,-0.16841256652203235,0.07601713412595235,0.2404693471736765,-0.1845578612510934,0.2439720388992704,0.06506907397636086,0.2679225532999049
