key,dI,dB_X,dB_X_err,dB_Y,dB_Y_err,dB_Z,dB_Z_err
1,0.1401841599404157,-0.07256230997404599,0.15594786912360353,-0.0039784018273394395,0.1791974859780936,0.021210802596982603,0.18539492555449635
2,0.2481835800000001,0.025911276157359,0.15594786912360353,-0.22238229125724016,0.1791974859780936,-0.06959708956476618,0.18539492555449635
3,-0.04662502000000013,0.1695794703948934,0.15594786912360353,0.06420567516180142,0.1791974859780936,-0.18776694722254209,0.18539492555449635
4,-0.03341862000000001,-0.02523831769852336,0.15594786912360353,0.11868089967457962,0.1791974859780936,0.043375569573271384,0.18539492555449635
5,-0.03172754,0.02160184858288972,0.15594786912360353,0.034966670652387684,0.1791974859780936,-0.09354970334015887,0.18539492555449635
6,-0.06885039999999998,-0.05359877050452155,0.15594786912360353,-0.03476161957762969,0.1791974859780936,0.25514677086428605,0.18539492555449635
7,-0.01860166000000002,-0.1424443769782613,0.15594786912360353,0.10921099918240884,0.1791974859780936,0.09767343747085988,0.18539492555449635
8,-0.16841256652203235,0.02681007375483091,0.15594786912360353,0.08503618722448181,0.1791974859780936,0.0496869603862109,0.18539492555449635
