key,dI,dB_X,dB_X_err,dB_Y,dB_Y_err,dB_Z,dB_Z_err
1,0.19484915153333326,0.2627639727542288,0.2981709236511608,-0.055909433604065306,0.2755442590876861,-0.09440139640147294,0.2612449397486718
2,0.05184387000000002,-0.1006259815574566,0.2981709236511608,0.010212188844784365,0.2755442590876861,-0.30858362775525805,0.2612449397486718
3,-0.32941293999999993,-0.012412703830982252,0.2981709236511608,-0.14612386518107368,0.2755442590876861,-0.023212146812507942,0.2612449397486718
4,-0.1831385638,-0.22159338412984653,0.2981709236511608,-0.34017095661148034,0.2755442590876861,0.12035771657975758,0.2612449397486718
