key,dI,dB_X,dB_X_err,dB_Y,dB_Y_err,dB_Z,dB_Z_err
1,0.19484915153333326,-6.983539273496717,6.1217884044754864,4.74485070945957,2.5878079222056685,-7.882556828611996,5.633539451341889
2,0.05184387000000002,-3.859403371068765,6.1217884044754864,1.9195220178371528,2.5878079222056685,-6.809967366338243,5.633539451341889
3,-0.32941293999999993,7.1375310357107065,6.1217884044754864,-3.5767190163605846,2.5878079222056685,0.6992982642259449,5.633539451341889
4,-0.1831385638,-0.3448589017498307,6.1217884044754864,0.06053893538773991,2.5878079222056685,-1.6257319550495597,5.633539451341889
