key,dI,dB_X,dB_X_err,dB_Y,dB_Y_err,dB_Z,dB_Z_err
1,0.322,0.1604770990571467,0.1825986992147356,-0.010783563034415522,0.14098284146244575,0.025112407570546225,0.18828613753264206
2,0.056,0.021117638519342563,0.1825986992147356,-0.1042949213773312,0.14098284146244575,-0.2127236370142782,0.18828613753264206
3,-0.572,0.0026879380968409805,0.1825986992147356,0.005466718830817285,0.14098284146244575,-0.01672669568360163,0.18828613753264206
4,-0.31,-0.014055910451673979,0.1825986992147356,-0.21476533015681554,0.14098284146244575,0.07296039211702521,0.18828613753264206
