key,dI,dB_X,dB_X_err,dB_Y,dB_Y_err,dB_Z,dB_Z_err
1,0.322,0.27137673067467105,0.3054759027562873,0.0950839763142568,0.1976110647840052,-0.10724879902645056,0.2451370291479421
2,0.056,0.11950278639174172,0.3054759027562873,-0.09587758488286192,0.1976110647840052,-0.3042344555968519,0.2451370291479421
3,-0.572,0.04250058194450723,0.3054759027562873,0.23709516638480466,0.1976110647840052,-0.08770431390097855,0.2451370291479421
4,-0.31,0.08401584911763392,0.3054759027562873,-0.17962032584489762,0.1976110647840052,0.033413511841793316,0.2451370291479421
