key,dI,dB_X,dB_X_err,dB_Y,dB_Y_err,dB_Z,dB_Z_err
1,0.322,0.16753814313986304,0.2006988256172399,0.008442973050286184,0.14507768463129808,0.0320296663923898,0.22501390441406646
2,0.056,-0.0025017493943755307,0.2006988256172399,-0.10981803926996037,0.14507768463129808,-0.20309437087526305,0.22501390441406646
3,-0.572,-0.01904350436941637,0.2006988256172399,-0.05491456664918104,0.14507768463129808,-0.023771280914346004,0.22501390441406646
4,-0.31,-0.03167582580068107,0.2006988256172399,-0.2402644820895219,0.14507768463129808,0.062160285853209984,0.22501390441406646
