key,dI,dB_X,dB_X_err,dB_Y,dB_Y_err,dB_Z,dB_Z_err
1,0.322,0.2564624811826679,0.32575640339540923,-0.1802083078416965,0.27485415423632303,0.1822792964053832,0.3025564889947024
2,0.056,0.00669308506769184,0.32575640339540923,0.07884965163239133,0.27485415423632303,-0.08912789977713942,0.3025564889947024
3,-0.572,-0.008392821975945708,0.32575640339540923,-0.011875298433742907,0.27485415423632303,-0.2311191938837247,0.3025564889947024
4,-0.31,-0.035056551319684104,0.32575640339540923,-0.3055650499890654,0.27485415423632303,-0.041427029816919266,0.3025564889947024
