key,dI,dB_X,dB_X_err,dB_Y,dB_Y_err,dB_Z,dB_Z_err
1,0.322,0.08747556007746216,0.27815828516570795,-0.4212668673319513,0.2238401307253525,0.12450026785278599,0.2749060019336722
2,0.056,-0.023171370662189442,0.27815828516570795,0.06569532417807268,0.2238401307253525,-0.22024815367387607,0.2749060019336722
3,-0.572,0.3604075222226984,0.27815828516570795,0.5896592826873359,0.2238401307253525,-0.06165106274803689,0.2749060019336722
4,-0.31,-0.08297547853497811,0.27815828516570795,-0.15877302873453658,0.2238401307253525,0.2058436347400192,0.2749060019336722
