key,dI,dB_X,dB_X_err,dB_Y,dB_Y_err,dB_Z,dB_Z_err
1,0.3713516307733334,0.17297691787886293,0.3049674292336634,-0.2227988925125004,0.25272283072682217,-0.17913045890100676,0.2495364875373843
2,-0.36239778908500003,0.064642540574674,0.3049674292336634,0.13564082969057978,0.25272283072682217,0.0015697143749164866,0.2495364875373843
