key,dI,dB_X,dB_X_err,dB_Y,dB_Y_err,dB_Z,dB_Z_err
1,0.3713516307733334,0.23866503534209826,0.23467106090128784,0.035555458679152,0.19865399561593108,0.0748149396044866,0.2407761247541213
2,-0.36239778908500003,0.09599410012852516,0.23467106090128784,0.077700107314568,0.19865399561593108,-0.07429410607257836,0.2407761247541213
