key,dI,dB_X,dB_X_err,dB_Y,dB_Y_err,dB_Z,dB_Z_err
1,0.3713516307733334,0.41500789718506326,0.33031817664664803,-0.21700555869289806,0.3323049016325049,-0.08923849267690898,0.26386302304116005
2,-0.36239778908500003,0.09784636584353379,0.33031817664664803,-0.032666084188633704,0.3323049016325049,0.045355008790583184,0.26386302304116005
