key,dI,dB_X,dB_X_err,dB_Y,dB_Y_err,dB_Z,dB_Z_err
1,0.3713516307733334,0.20349484134040097,0.2006988256172399,0.013957822734326442,0.14507768463129808,-0.23613530991175935,0.22501390441406646
2,-0.36239778908500003,0.027802499863249786,0.2006988256172399,0.13998698754951278,0.14507768463129808,0.0026432585056284097,0.22501390441406646
