key,dI,dB_X,dB_X_err,dB_Y,dB_Y_err,dB_Z,dB_Z_err
1,0.3713516307733334,0.1978397946107009,0.1829269961891008,0.014003110743535885,0.14086878627144267,-0.1678891161628595,0.19095130902721671
2,-0.36239778908500003,0.01833860818521771,0.1829269961891008,0.1308410411501324,0.14086878627144267,-0.071655720481969,0.19095130902721671
