key,dI,dB_X,dB_X_err,dB_Y,dB_Y_err,dB_Z,dB_Z_err
1,0.3713516307733334,0.17405669947208935,0.3054759027562873,-0.07213810102858531,0.1976110647840052,-0.378074250404552,0.2451370291479421
2,-0.36239778908500003,0.15192932751261523,0.3054759027562873,0.2998289260689546,0.1976110647840052,-0.16936594815925687,0.2451370291479421
