key,dI,dB_X,dB_X_err,dB_Y,dB_Y_err,dB_Z,dB_Z_err
1,0.3713516307733334,0.5388787968906623,0.32575640339540923,0.1029020288742557,0.27485415423632303,0.016518190942136357,0.3025564889947024
2,-0.36239778908500003,0.270165368772183,0.32575640339540923,0.17194266750098652,0.27485415423632303,0.07149432503374697,0.3025564889947024
