key,dI,dB_X,dB_X_err,dB_Y,dB_Y_err,dB_Z,dB_Z_err
1,0.3713516307733334,0.12802977336321142,0.27815828516570795,0.07796176516930586,0.2238401307253525,-0.2714637742521837,0.2749060019336722
2,-0.36239778908500003,-0.028401803340295295,0.27815828516570795,0.2780319388139745,0.2238401307253525,0.022508514567168847,0.2749060019336722
