key,dI,dB_X,dB_X_err,dB_Y,dB_Y_err,dB_Z,dB_Z_err
1,0.3713516307733334,0.20623557130485892,0.1825986992147356,0.021122337029929383,0.14098284146244575,-0.16080362255692648,0.18828613753264214
2,-0.36239778908500003,0.009043543778744834,0.1825986992147356,0.13551024389592925,0.14098284146244575,-0.046720204366678786,0.18828613753264214
