key,dI,dB_X,dB_X_err,dB_Y,dB_Y_err,dB_Z,dB_Z_err
1,0.3713516307733334,0.30618041488585845,0.3159831973709406,-0.17062241020085533,0.24184335823990025,-0.017754850585323112,0.33809531199402315
2,-0.36239778908500003,-0.06027456665993469,0.3159831973709406,0.21853587748250547,0.24184335823990025,-0.1893727111698098,0.33809531199402315
