key,dI,dB_X,dB_X_err,dB_Y,dB_Y_err,dB_Z,dB_Z_err
1,0.3713516307733334,-0.5572605082124937,6.1217884044754864,1.1994907234038692,2.5878079222056685,0.12239791173487902,5.633539451341889
2,-0.36239778908500003,0.7717956472770311,6.1217884044754864,-1.4985472319094697,2.5878079222056685,2.803171709529124,5.633539451341889
