key,dI,dB_X,dB_X_err,dB_Y,dB_Y_err,dB_Z,dB_Z_err
1,0.3713516307733334,0.1627252940252646,0.2981709236511608,0.2315882843943613,0.2755442590876861,-0.41647125836570353,0.2612449397486718
2,-0.36239778908500003,0.04205646780145855,0.2981709236511608,0.3015357666554994,0.2755442590876861,-0.24349316354056683,0.2612449397486718
