key,dI,dB_X,dB_X_err,dB_Y,dB_Y_err,dB_Z,dB_Z_err
1,0.09689825492222225,0.03704869811787148,0.03245448967299671,0.12267314659237627,0.03148202350460117,0.005681037322787574,0.03545480369143601
2,0.27754831,-0.056525209878742544,0.03613280454688092,-0.09252108347431687,0.032018969095855415,0.1443977155247751,0.0430288561469545
3,0.03102003333333342,-0.07128609103099848,0.033876740558223824,-0.2155652590314645,0.024713835801957542,-0.03465788345647525,0.03722166111286474
4,-0.25669597555555557,0.0507709940956147,0.027132879007596863,-0.10660677258121609,0.032245933355368205,-0.06124222261945533,0.042601157341640196
5,0.22930939000000006,-0.0678897503820508,0.037488169599357045,0.0061757434532552224,0.029452869114200333,-0.0934339690442556,0.04642688795589742
6,0.038979560000000246,0.20566351070675637,0.0600582327117969,0.1866263358123632,0.03358134063073536,-0.03706092860166166,0.0319376873433789
7,0.08596318999999997,-0.07434642870174457,0.055925214306210544,-0.06127096744773297,0.03820949114062584,0.09774074587356552,0.04112385066103493
8,-0.34891059999999996,0.0004629462700336262,0.03456309041329119,0.0055487301226477825,0.025105254037778316,0.16435398551418245,0.038280072424838975
9,-0.0744281166,0.13973699304344223,0.033491357448525674,0.10292194364121343,0.04445101731952241,-0.059871470552792516,0.03423991178196182
