key,dI,dB_X,dB_X_err,dB_Y,dB_Y_err,dB_Z,dB_Z_err
1,0.09689825492222225,0.2723147132707666,0.055209126647180896,0.2552876904162815,0.05080943013680556,-0.1642234897301975,0.056285622916832305
2,0.27754831,0.005757794666529037,0.04742302604107482,0.08675406187755641,0.05616903947077423,0.1892415344845233,0.05632486425582622
3,0.03102003333333342,0.013204398788815297,0.042549029528630766,-0.1581849783821596,0.038708930096119726,-0.11074485056708028,0.04706219565462748
4,-0.25669597555555557,0.2032263845583273,0.04466744365518353,-0.06889461275185482,0.0538749179841083,-0.23663868751744843,0.05392372094023712
5,0.22930939000000006,0.06396994361092823,0.04613828755968327,0.09417668616572428,0.05264702063563368,-0.045375331149202225,0.05668341013659883
6,0.038979560000000246,0.1033341931555114,0.05353219302042917,-0.1306209126052451,0.05939229937048611,0.10664268222672746,0.04057379349481251
7,0.08596318999999997,-0.2113155455939335,0.06170315709586258,-0.09081793949982853,0.0552152643940588,0.05833311734326685,0.05011982804414817
8,-0.34891059999999996,0.17661882714855182,0.056914959359244954,-0.16818748116827464,0.04316086367485813,-0.018306554234563066,0.04941179159519131
9,-0.0744281166,0.14191880818794544,0.051621880334853314,0.18973447790018838,0.050863299379553514,0.17477532478412883,0.05392777274593447
