key,dI,dB_X,dB_X_err,dB_Y,dB_Y_err,dB_Z,dB_Z_err
1,0.09689825492222225,0.09460799992307045,0.05037291920814437,0.37171310619524256,0.05288327089995365,0.15124377959500634,0.05472650672121743
2,0.27754831,-0.25010864358010565,0.05552625520252593,-0.07418296528500701,0.04039739760238085,-0.0429590287718824,0.05617671257995037
3,0.03102003333333342,0.19475292876857253,0.053801891670665285,-0.22213049542384766,0.047594241797417856,0.13292247452864459,0.05777362627422293
4,-0.25669597555555557,-0.1647768724521157,0.06264241345709422,-0.02772796373173847,0.039879437753598646,-0.20784662870260462,0.05867521298496777
5,0.22930939000000006,0.0008022711631241464,0.04655443318450312,-0.02929378227308277,0.048381977318756916,-0.12591057352593182,0.06988213318340872
6,0.038979560000000246,0.3079231620616767,0.07131635023893199,0.2606567856351605,0.05257244064608142,-0.23693233446443251,0.05425431138922143
7,0.08596318999999997,-0.15679949710233032,0.07716211087713859,0.07662725542370019,0.05404519426736402,0.20165822332936578,0.051870914420790226
8,-0.34891059999999996,0.015180480971004329,0.045981895964577274,0.08372174653376696,0.032766643638148414,0.7169305278773486,0.06090039257552381
9,-0.0744281166,0.18688328395177223,0.045763248883927625,0.0779204263940958,0.07017180969707751,0.20995987455892973,0.04066030474694372
