key,dI,dB_X,dB_X_err,dB_Y,dB_Y_err,dB_Z,dB_Z_err
1,0.09689825492222225,-0.24462374318325608,0.05389763552452904,-0.09958072236195914,0.042678865841540375,-0.12891884163874323,0.05502845584721775
2,0.27754831,0.014437487568747187,0.05532225144582909,-0.1856962096762793,0.04997803691651413,-0.010283701286237346,0.061781028081672934
3,0.03102003333333342,-0.04060688198351059,0.054881797264053976,-0.3219280736716663,0.03983139180723769,-0.16731475910372495,0.06126781601917044
4,-0.25669597555555557,-0.15740511026302073,0.05153739438712547,0.0787037487562321,0.04170411247392021,-0.17217798489513214,0.05896254244206747
5,0.22930939000000006,0.24263876022454056,0.0490025962639523,-0.022252753902717304,0.044624436076111745,-0.0066481473324842,0.07010947505844282
6,0.038979560000000246,0.2264935106659749,0.05522090298423437,0.3015810522337259,0.04496588288091457,-0.19282909788547187,0.04229858666495313
7,0.08596318999999997,-0.14141428821235458,0.06088057643008389,-0.11361080155877512,0.052172973478041285,-0.19226354674831114,0.05629076051783488
8,-0.34891059999999996,0.24813050928749902,0.056263243461976045,-0.10555038127597882,0.03791679839278248,0.12597874857448232,0.03942413678864846
9,-0.0744281166,-0.04169256805901256,0.04475166670289037,0.14347196000451445,0.05846261293388858,-0.18595570203249778,0.06343265659956525
