key,dI,dB_X,dB_X_err,dB_Y,dB_Y_err,dB_Z,dB_Z_err
1,-0.19181252095791257,0.3271518344595492,0.2981709236511608,-0.06884191160479691,0.2755442590876861,0.07428843545993402,0.2612449397486718
2,-0.10897416287205386,0.01723968768386186,0.2981709236511608,0.24463662874846914,0.2755442590876861,-0.15659769566399007,0.2612449397486718
