key,dI,dB_X,dB_X_err,dB_Y,dB_Y_err,dB_Z,dB_Z_err
1,-0.19181252095791257,0.29391311124129516,0.3049674292336634,0.06558488272184348,0.25272283072682217,0.03528674286773992,0.2495364875373843
2,-0.10897416287205386,-0.1494355458202321,0.3049674292336634,-0.1110454409629611,0.25272283072682217,-0.03300761592464596,0.2495364875373843
