key,dI,dB_X,dB_X_err,dB_Y,dB_Y_err,dB_Z,dB_Z_err
1,-0.19181252095791257,0.1703141052628716,0.3054759027562873,0.05209982024704729,0.1976110647840052,0.23469889947649492,0.2451370291479421
2,-0.10897416287205386,-0.1425655370391361,0.3054759027562873,0.0717136377909462,0.1976110647840052,-0.07385563557131647,0.2451370291479421
