key,dI,dB_X,dB_X_err,dB_Y,dB_Y_err,dB_Z,dB_Z_err
1,-0.19181252095791257,0.20378236065625543,0.32575640339540923,0.08958440844522786,0.27485415423632303,0.13958696449669716,0.3025564889947024
2,-0.10897416287205386,0.021104885028773168,0.32575640339540923,0.14990367390293358,0.27485415423632303,0.07478560078290641,0.3025564889947024
