key,dI,dB_X,dB_X_err,dB_Y,dB_Y_err,dB_Z,dB_Z_err
1,-0.19181252095791257,0.06439313318986706,0.27815828516570795,-0.4073395293104696,0.2238401307253525,0.04770618420043027,0.2749060019336722
2,-0.10897416287205386,-0.14085824847180017,0.27815828516570795,-0.0442965640322015,0.2238401307253525,0.17746477306174335,0.2749060019336722
