key,dI,dB_X,dB_X_err,dB_Y,dB_Y_err,dB_Z,dB_Z_err
1,-0.19181252095791257,0.20774852401189037,0.1829269961891008,0.007062567246855167,0.14086878627144267,0.09588476020118719,0.19095130902721671
2,-0.10897416287205386,-0.017571195544491047,0.1829269961891008,0.09658711748818227,0.14086878627144267,0.04738022085461857,0.19095130902721671
