key,dI,dB_X,dB_X_err,dB_Y,dB_Y_err,dB_Z,dB_Z_err
1,-0.19181252095791257,0.3688002048021417,0.33031817664664803,-0.10294826995539097,0.3323049016325049,0.27672688853707683,0.26386302304116005
2,-0.10897416287205386,-0.14561400829362725,0.33031817664664803,-0.021820936965246673,0.3323049016325049,-0.04550285383177233,0.26386302304116005
