key,dI,dB_X,dB_X_err,dB_Y,dB_Y_err,dB_Z,dB_Z_err
1,-0.19181252095791257,-3.2337686585378833,6.1217884044754864,-0.5933472694159718,2.5878079222056685,0.6949069319525734,5.633539451341889
2,-0.10897416287205386,-3.1848913955909666,6.1217884044754864,0.5793939504073933,2.5878079222056685,-2.5553915417403914,5.633539451341889
