key,dI,dB_X,dB_X_err,dB_Y,dB_Y_err,dB_Z,dB_Z_err
1,-0.19181252095791257,0.180153908344721,0.1825986992147356,-0.013911648257689535,0.14098284146244575,0.13033726146392155,0.18828613753264214
2,-0.10897416287205386,-0.014489424275211604,0.1825986992147356,0.09951617366785115,0.14098284146244575,0.05515125411848487,0.18828613753264214
