key,dI,dB_X,dB_X_err,dB_Y,dB_Y_err,dB_Z,dB_Z_err
1,-0.19181252095791257,0.18823870059644854,0.2006988256172399,0.010539794604383701,0.14507768463129808,0.12241823839137567,0.22501390441406646
2,-0.10897416287205386,-0.024600740009420363,0.2006988256172399,0.07539085724473438,0.14507768463129808,0.09338069651997216,0.22501390441406646
