key,dI,dB_X,dB_X_err,dB_Y,dB_Y_err,dB_Z,dB_Z_err
1,-0.19181252095791257,0.1885125616484018,0.3159831973709406,-0.007535582530829643,0.24184335823990025,0.2205509729151025,0.33809531199402315
2,-0.10897416287205386,-0.00561346732587964,0.3159831973709406,0.00506682121134272,0.24184335823990025,0.022854833979627287,0.33809531199402315
