key,dI,dB_X,dB_X_err,dB_Y,dB_Y_err,dB_Z,dB_Z_err
1,-0.19181252095791257,0.3402814279093356,0.23467106090128784,-0.02432439960478483,0.19865399561593108,0.14635916675135974,0.2407761247541213
2,-0.10897416287205386,-0.009646762725850522,0.23467106090128784,0.11759005321634675,0.19865399561593108,0.08687659399592107,0.2407761247541213
