key,dI,dB_X,dB_X_err,dB_Y,dB_Y_err,dB_Z,dB_Z_err
1,0.19484915153333332,0.2564624811826679,0.3300657605101894,-0.1802083078416965,0.28251930966377004,0.1822792964053832,0.30748984310046973
2,0.051843870000000014,0.00669308506769184,0.3287274073177163,0.07884965163239133,0.27992176465120056,-0.08912789977713942,0.3075809211047366
3,-0.32941293999999993,-0.008392821975945708,0.3315640065402455,-0.011875298433742909,0.2814834391294008,-0.2311191938837247,0.30706589283348495
4,-0.18313856380000001,-0.035056551319684104,0.33064898838195095,-0.3055650499890654,0.2786032280770681,-0.04142702981691926,0.3050168102314918
