key,dI,dB_X,dB_X_err,dB_Y,dB_Y_err,dB_Z,dB_Z_err
1,0.19484915153333326,0.1768142405443882,0.1829269961891008,-0.009395788029424423,0.14086878627144267,-0.0031706663432800038,0.19095130902721671
2,0.05184387000000002,0.01045266915318166,0.1829269961891008,-0.11505250751830333,0.14086878627144267,-0.1876550572934708,0.19095130902721671
3,-0.32941293999999993,0.002204523426769356,0.1829269961891008,0.0047993546263480616,0.14086878627144267,-0.020143831761856745,0.19095130902721671
4,-0.1831385638,-0.01806653020318549,0.1829269961891008,-0.2376006679498737,0.14086878627144267,0.07559989709508662,0.19095130902721671
