key,dI,dB_X,dB_X_err,dB_Y,dB_Y_err,dB_Z,dB_Z_err
1,0.19484915153333332,-0.005596381415831075,0.24266351258517607,-0.047708137317194144,0.20346573703889506,-0.04053982123689437,0.24734227053069371
2,0.051843870000000014,-0.03102181798726278,0.2379169302221665,-0.071363579716607,0.20211968454950055,0.017367581455619785,0.24475559765311267
3,-0.32941293999999993,-0.06906701903911028,0.24452875098511176,0.07157877482360142,0.20176664184697876,0.02132117802276312,0.24517865979841474
4,-0.18313856380000001,0.08589410654895957,0.24146827448508248,-0.10315137000747754,0.20393182975638927,0.033041854976268326,0.24334692817659545
