key,dI,dB_X,dB_X_err,dB_Y,dB_Y_err,dB_Z,dB_Z_err
1,0.19484915153333332,0.16753814313986304,0.20362301565744115,0.008442973050286184,0.1485896784003056,0.0320296663923898,0.2292996598067086
2,0.051843870000000014,-0.00250174939437553,0.20297382120935245,-0.10981803926996037,0.1496750983603198,-0.20309437087526305,0.22803649248552382
3,-0.32941293999999993,-0.019043504369416375,0.2078719511047813,-0.05491456664918104,0.14825136286468557,-0.023771280914345994,0.2281102222705801
4,-0.18313856380000001,-0.03167582580068107,0.20508726341918626,-0.2402644820895219,0.14903246480277993,0.062160285853209984,0.22679063771336577
