key,dI,dB_X,dB_X_err,dB_Y,dB_Y_err,dB_Z,dB_Z_err
1,0.19484915153333332,0.2515303359018404,0.30932573028883287,0.16954532105930298,0.2575246504731807,-0.15059458026533434,0.2533371351873448
2,0.051843870000000014,0.10933985971153959,0.30839471592899836,-0.19656453071237934,0.2567683718365672,-0.28283281740174715,0.25210804536086406
3,-0.32941293999999993,0.07452655613722925,0.31185329376931786,-0.005585202331580774,0.25635949125792545,-0.08157307135257952,0.2549783460127723
4,-0.18313856380000001,-0.034301816782345895,0.3083039147035604,-0.3265146488466044,0.2566480322055564,0.07245187642348583,0.25276617148235875
