key,dI,dB_X,dB_X_err,dB_Y,dB_Y_err,dB_Z,dB_Z_err
1,0.19484915153333332,-0.170201451577622,0.3210487235788542,0.13657476989438777,0.2458664094801828,-0.1308072853847726,0.34322480139046796
2,0.051843870000000014,0.3983820501794,0.321455967814819,-0.06616422222119045,0.24633306942651617,-0.017005573407169905,0.3411991312507138
3,-0.32941293999999993,0.14155844311899912,0.32487453924762516,0.10194088469917606,0.24412654220192834,-0.1729707430541989,0.3433824891113274
4,-0.18313856380000001,-0.03784509735780617,0.3197906922006828,-0.44058486794142304,0.245763377218891,0.3510264210841161,0.3418324522536695
