key,dI,dB_X,dB_X_err,dB_Y,dB_Y_err,dB_Z,dB_Z_err
1,0.19484915153333326,-0.005596381415831075,0.23467106090128784,-0.047708137317194144,0.19865399561593108,-0.04053982123689437,0.2407761247541213
2,0.05184387000000002,-0.031021817987262782,0.23467106090128784,-0.07136357971660699,0.19865399561593108,0.017367581455619785,0.2407761247541213
3,-0.32941293999999993,-0.06906701903911028,0.23467106090128784,0.07157877482360142,0.19865399561593108,0.021321178022763117,0.2407761247541213
4,-0.1831385638,0.08589410654895957,0.23467106090128784,-0.10315137000747754,0.19865399561593108,0.033041854976268326,0.2407761247541213
