key,dI,dB_X,dB_X_err,dB_Y,dB_Y_err,dB_Z,dB_Z_err
1,0.19484915153333326,0.2515303359018404,0.3049674292336634,0.16954532105930298,0.25272283072682217,-0.15059458026533434,0.2495364875373843
2,0.05184387000000002,0.1093398597115396,0.3049674292336634,-0.19656453071237934,0.25272283072682217,-0.28283281740174715,0.2495364875373843
3,-0.32941293999999993,0.07452655613722925,0.3049674292336634,-0.005585202331580774,0.25272283072682217,-0.08157307135257952,0.2495364875373843
4,-0.1831385638,-0.034301816782345895,0.3049674292336634,-0.3265146488466044,0.25272283072682217,0.07245187642348583,0.2495364875373843
