key,dI,dB_X,dB_X_err,dB_Y,dB_Y_err,dB_Z,dB_Z_err
1,0.19484915153333332,0.1768142405443882,0.18608427627516913,-0.009395788029424423,0.1444860193110793,-0.003170666343280004,0.19603779127759416
2,0.051843870000000014,0.01045266915318166,0.18547997723527243,-0.11505250751830332,0.14565779549235344,-0.18765505729347076,0.19417247743515717
3,-0.32941293999999993,0.002204523426769356,0.19071108935505823,0.004799354626348062,0.14405602729143632,-0.020143831761856745,0.19449740038842045
4,-0.18313856380000001,-0.018066530203185494,0.18777409359752092,-0.23760066794987367,0.1451977224090286,0.07559989709508663,0.19286227898971217
