key,dI,dB_X,dB_X_err,dB_Y,dB_Y_err,dB_Z,dB_Z_err
1,0.19484915153333332,-6.983539273496717,6.152150540139742,4.74485070945957,2.608471606150878,-7.882556828611996,5.684024890889053
2,0.051843870000000014,-3.8594033710687654,6.2771981900835945,1.9195220178371528,2.680183283879061,-6.809967366338242,5.750866363096538
3,-0.32941293999999993,7.137531035710708,6.15997475092163,-3.5767190163605846,2.6378462634295405,0.6992982642259449,5.748063862906549
4,-0.18313856380000001,-0.3448589017498307,6.168517115679015,0.06053893538773991,2.6120149237724197,-1.6257319550495595,5.671226457953502
