key,dI,dB_X,dB_X_err,dB_Y,dB_Y_err,dB_Z,dB_Z_err
1,0.19484915153333326,0.10743693125790088,0.33031817664664803,0.2351893300406802,0.3323049016325049,0.34082242482412184,0.26386302304116005
2,0.05184387000000002,-0.19350301206212173,0.33031817664664803,-0.11126769332259023,0.3323049016325049,-0.18096775197905932,0.26386302304116005
3,-0.32941293999999993,0.22135877271615098,0.33031817664664803,-0.1129510112399128,0.3323049016325049,-0.22901919661179626,0.26386302304116005
4,-0.1831385638,-0.29323210148814205,0.33031817664664803,-0.3294156630370759,0.3323049016325049,0.02745418984159187,0.26386302304116005
