key,dI,dB_X,dB_X_err,dB_Y,dB_Y_err,dB_Z,dB_Z_err
1,0.19484915153333326,-0.170201451577622,0.3159831973709406,0.13657476989438774,0.24184335823990025,-0.1308072853847726,0.33809531199402315
2,0.05184387000000002,0.3983820501794,0.3159831973709406,-0.06616422222119045,0.24184335823990025,-0.0170055734071699,0.33809531199402315
3,-0.32941293999999993,0.14155844311899912,0.3159831973709406,0.10194088469917606,0.24184335823990025,-0.1729707430541989,0.33809531199402315
4,-0.1831385638,-0.03784509735780617,0.3159831973709406,-0.44058486794142304,0.24184335823990025,0.3510264210841161,0.33809531199402315
