key,dI,dB_X,dB_X_err,dB_Y,dB_Y_err,dB_Z,dB_Z_err
1,0.19484915153333332,0.10743693125790088,0.33345202859449286,0.2351893300406802,0.334593722520763,0.34082242482412184,0.2721169716397956
2,0.051843870000000014,-0.19350301206212173,0.3321517607904776,-0.11126769332259023,0.33606286921877615,-0.18096775197905934,0.26877287452057785
3,-0.32941293999999993,0.221358772716151,0.3394897085684896,-0.1129510112399128,0.3360787244154097,-0.22901919661179626,0.27014802675785987
4,-0.18313856380000001,-0.29323210148814205,0.33321861496372224,-0.3294156630370759,0.3378613476244064,0.02745418984159187,0.26719866581044954
