key,dI,dB_X,dB_X_err,dB_Y,dB_Y_err,dB_Z,dB_Z_err
1,0.19484915153333332,0.08747556007746216,0.2818453508035012,-0.4212668673319513,0.23036937672235816,0.124500267852786,0.2798396018251401
2,0.051843870000000014,-0.02317137066218944,0.2825863146596537,0.06569532417807267,0.22785450153016412,-0.22024815367387607,0.2785244409673649
3,-0.32941293999999993,0.36040752222269834,0.2865414498882249,0.5896592826873359,0.2287685748003571,-0.06165106274803689,0.2812859692368511
4,-0.18313856380000001,-0.08297547853497811,0.2819860017444927,-0.15877302873453658,0.2285352093784195,0.2058436347400192,0.2786922450852622
