key,dI,dB_X,dB_X_err,dB_Y,dB_Y_err,dB_Z,dB_Z_err
1,0.19484915153333332,0.1604770990571467,0.1856766508087809,-0.010783563034415522,0.14459469448888346,0.025112407570546225,0.19339855492074648
2,0.051843870000000014,0.021117638519342563,0.18512129710142225,-0.1042949213773312,0.1455629718824057,-0.2127236370142782,0.1917547540633801
3,-0.32941293999999993,0.0026879380968409805,0.1906552645431108,0.005466718830817285,0.14422437157638857,-0.016726695683601633,0.19186369373364676
4,-0.18313856380000001,-0.01405591045167398,0.18736504437401802,-0.21476533015681554,0.14512576978150243,0.07296039211702521,0.19028074614943316
