key,dI,dB_X,dB_X_err,dB_Y,dB_Y_err,dB_Z,dB_Z_err
1,0.19484915153333332,0.27137673067467105,0.3085399291543074,0.0950839763142568,0.20214138167330212,-0.10724879902645057,0.2503459612522192
2,0.051843870000000014,0.11950278639174172,0.30746305448161143,-0.09587758488286191,0.20427886383236468,-0.3042344555968519,0.24973726924081716
3,-0.32941293999999993,0.04250058194450723,0.3141920887753046,0.23709516638480466,0.20124613684753428,-0.08770431390097855,0.2483186741770737
4,-0.18313856380000001,0.08401584911763393,0.3096332994816578,-0.17962032584489762,0.20368664268884812,0.03341351184179331,0.247947146216976
