key,dI,dB_X,dB_X_err,dB_Y,dB_Y_err,dB_Z,dB_Z_err
1,0.56235046,-0.04550352343766573,0.02853035113956325,-0.08715222018479096,0.03549385681342402,-0.19000775702673423,0.033728527425684315
2,0.1032263,0.1458455357080961,0.04417096092015727,0.06373483386355616,0.033356915693099905,0.15510342179258885,0.04498886924490912
3,0.11040586000000008,0.07516903413984455,0.032924943362082994,-0.04112670287879894,0.028594337802031133,-0.1583998814685259,0.03420604242548435
4,-0.23596860000000008,-0.2224100372841047,0.03250648471714772,0.2656587614020438,0.025074132757643253,0.11050631549774437,0.03200085905101261
5,-0.4545609280000001,0.1071674237167013,0.03094932900478458,0.12738688617189098,0.0380650765306316,0.058111258704173,0.028279957147103824
