key,dI,dB_X,dB_X_err,dB_Y,dB_Y_err,dB_Z,dB_Z_err
1,0.1401841599404157,-0.18517143710767314,0.057279084548836234,-0.045371823367997166,0.04493833535870606,0.12485724377095764,0.048020582842955524
2,0.24818358000000007,0.10784419743618301,0.043410513286991574,-0.09453168682982316,0.055414020759757536,0.17484594680021104,0.04199821560697364
3,-0.04662502000000013,0.09538743580818476,0.04707282550210946,-0.2919796217598698,0.0356158620926201,-0.05666981643720703,0.0453105381450494
4,-0.03341862000000001,-0.08253735430637832,0.04608566464732385,0.20015967142684588,0.03660381330535947,0.2708281864885471,0.054281730275081215
5,-0.03172754,-0.029757214839854385,0.043935224755839754,-0.1598973572204727,0.03744277733070289,-0.1734123284276592,0.04781281199017068
6,-0.06885039999999998,-0.09923609609203154,0.04257381687632814,0.01446401083865112,0.037563718941797254,0.21488083442676142,0.033688252254361145
7,-0.01860166000000002,-0.08100224906169018,0.050447299416358844,0.17199682683985706,0.044477501967773114,0.1157235875840783,0.04709194408161603
8,-0.16841256652203235,-0.07375978599985089,0.039885522159060764,0.09912713911728765,0.048288281012593214,-0.06661123275814518,0.052170918342645714
