key,dI,dB_X,dB_X_err,dB_Y,dB_Y_err,dB_Z,dB_Z_err
1,0.06004046760000001,-0.03317156014590239,0.04709915791814515,-0.07823264551904963,0.044420225250492544,0.1158870853569347,0.05561702696202696
2,-0.068068,-0.07158818384024812,0.03542158794538364,-0.22520625994700083,0.05315622778206615,-0.13082460508804772,0.04310940651949232
