key,dI,dB_X,dB_X_err,dB_Y,dB_Y_err,dB_Z,dB_Z_err
1,0.06004046760000001,0.035970206595635545,0.04053473182429281,0.10226755430313261,0.037196906147140385,0.02748436803990728,0.04185465062994875
2,-0.068068,-0.0790843450347154,0.03469310598426194,-0.08585228348716356,0.03262946389847845,0.07369198197571336,0.046033910160223214
