key,dI,dB_X,dB_X_err,dB_Y,dB_Y_err,dB_Z,dB_Z_err
1,0.1655530132,0.030537521909604237,0.028905664731871616,-0.22838434781241546,0.04240739703578076,-0.22738437668274258,0.030586024388280213
2,0.014177519999999999,0.03492144805537034,0.03591729246032526,0.276831121704717,0.037415438675376535,0.13595087335352218,0.03054949835796046
3,0.010737740000000023,0.02464467623751787,0.028937977695087165,-0.05279972268418476,0.02993840106665531,-0.15228428492895318,0.04082255199413106
4,-0.016334560000000026,0.11203241622026017,0.03607592664588992,-0.00856105278510455,0.04620987338985676,0.5293404640763839,0.033052548790667165
5,0.15806114,0.0076405115056754624,0.041956806054297906,0.1324607876897943,0.030286894370317646,-0.15351715278127642,0.041961834781119985
6,-0.07530806000000007,-0.05332043389358265,0.028313652939115863,0.02008951654278235,0.031637806442361915,-0.014901397566163155,0.030885433947048267
7,-0.20214647540000003,0.026813118084152876,0.040379023821682576,-0.031909528772899876,0.026802121169427442,0.012917062587519013,0.0349189081485753
