key,dI,dB_X,dB_X_err,dB_Y,dB_Y_err,dB_Z,dB_Z_err
1,0.1655530132,0.12157708822570612,0.04662051652925172,-0.002480515552583995,0.05496896373653374,-0.34787902302532103,0.05384040922025548
2,0.014177519999999999,0.22927561406932995,0.04353864590505763,0.20733570735684026,0.043519939116071354,0.20530205400444146,0.04541332361947263
3,0.010737740000000023,0.2809255106587827,0.05424327340227056,0.09599014415574203,0.0480497371558721,0.25000657662481274,0.07122128331465334
4,-0.016334560000000026,-0.08510192429030639,0.047133070037600304,0.03305208809524629,0.04403229103067885,0.05844950199276866,0.052848232150673295
5,0.15806114,-0.026053006194899808,0.06426560097876224,0.22650765041174026,0.046560496510519855,0.040603108377915476,0.056364773282772895
6,-0.07530806000000007,-0.036655681080581815,0.04361451497707519,0.1534804663836482,0.05410052396404582,-0.2720821824366766,0.03890857403070656
7,-0.20214647540000003,-0.0979973287092264,0.05487495999634594,0.196488509190619,0.04693352499159345,-0.07537392492881878,0.047515773204630914
