key,dI,dB_X,dB_X_err,dB_Y,dB_Y_err,dB_Z,dB_Z_err
1,0.19484915153333332,-0.170201451577622,0.05680582620514142,0.13657476989438777,0.044295387862893686,-0.13080728538477437,0.059117038975157604
2,0.051843870000000014,0.3983820501794,0.05906401800588193,-0.06616422222119045,0.04681635577804099,-0.017005573407169905,0.04591739511237556
3,-0.32941293999999993,0.14155844311899912,0.07548566241740187,0.10194088469917606,0.03331003876787251,-0.1729707430541989,0.06002577642942259
4,-0.18313856380000001,-0.03784509735780617,0.0492006686685155,-0.44058486794142304,0.043719877141663865,0.3510264210841161,0.05040818803945822
