key,dI,dB_X,dB_X_err,dB_Y,dB_Y_err,dB_Z,dB_Z_err
1,0.19484915153333332,0.10743693125790088,0.04560874423415191,0.2351893300406802,0.03906931662203166,0.34082242482412006,0.06651279069467445
2,0.051843870000000014,-0.19350301206212173,0.034852465810161215,-0.11126769332259023,0.050116907512010915,-0.18096775197905934,0.05113866589611551
3,-0.32941293999999993,0.221358772716151,0.07837834140087312,-0.1129510112399128,0.0502231157506194,-0.22901919661179448,0.05793324980307594
4,-0.18313856380000001,-0.29323210148814205,0.04386966531870502,-0.3294156630370759,0.06102247593789679,0.02745418984159187,0.04208838417502564
