key,dI,dB_X,dB_X_err,dB_Y,dB_Y_err,dB_Z,dB_Z_err
1,0.19484915153333332,0.2564624811826679,0.053161752304237544,-0.1802083078416965,0.06536324832754832,0.1822792964053832,0.05485958965531938
2,0.051843870000000014,0.00669308506769184,0.044096189956901934,0.07884965163239133,0.05302252563276914,-0.08912789977713942,0.05536780648388341
3,-0.32941293999999993,-0.008392821975945708,0.061785565303777476,-0.011875298433742909,0.06072989711131285,-0.2311191938837247,0.05243122646690432
4,-0.18313856380000001,-0.035056551319684104,0.05667026702685413,-0.3055650499890654,0.045551647544280746,-0.04142702981691926,0.038662973126654655
