key,dI,dB_X,dB_X_err,dB_Y,dB_Y_err,dB_Z,dB_Z_err
1,0.19484915153333332,0.27137673067467105,0.04337465524677212,0.0950839763142568,0.04255590745975573,-0.10724879902645057,0.050802925661999135
2,0.051843870000000014,0.11950278639174172,0.034899895506916245,-0.09587758488286191,0.05176602441344609,-0.3042344555968519,0.047713107092091374
3,-0.32941293999999993,0.04250058194450723,0.0734924586894479,0.23709516638480466,0.038077219843210705,-0.08770431390097855,0.03962323668733634
4,-0.18313856380000001,0.08401584911763393,0.05056928893240756,-0.17962032584489762,0.0493772770086219,0.03341351184179331,0.03722397423252199
