key,dI,dB_X,dB_X_err,dB_Y,dB_Y_err,dB_Z,dB_Z_err
1,0.19484915153333332,0.2515303359018404,0.051742386158064806,0.16954532105930298,0.049498650797328514,-0.15059458026533434,0.04371779331617587
2,0.051843870000000014,0.10933985971153959,0.045849404789354856,-0.19656453071237934,0.04540008375568951,-0.28283281740174004,0.035916680291757555
3,-0.32941293999999993,0.07452655613722925,0.06517164982861018,-0.005585202331580774,0.043027428315486595,-0.08157307135258662,0.05239750302174576
4,-0.18313856380000001,-0.034301816782345895,0.04523462090203421,-0.3265146488466044,0.044714463704782235,0.07245187642347872,0.04027752268144122
