key,dI,dB_X,dB_X_err,dB_Y,dB_Y_err,dB_Z,dB_Z_err
1,0.19484915153333332,0.16753814313986304,0.03438479171510647,0.008442973050279079,0.032114762168321494,0.0320296663923898,0.044125693284181436
2,0.051843870000000014,-0.00250174939437553,0.030304347743960826,-0.10981803926996037,0.036811689599813485,-0.20309437087526305,0.03700519862718889
3,-0.32941293999999993,-0.019043504369416375,0.05413621202087676,-0.05491456664918104,0.03051117849671317,-0.023771280914345994,0.03745685951425713
4,-0.18313856380000001,-0.03167582580068107,0.042199135211890594,-0.2402644820895219,0.03410485283963932,0.062160285853209984,0.028332599153139956
