key,dI,dB_X,dB_X_err,dB_Y,dB_Y_err,dB_Z,dB_Z_err
1,0.8351553422326389,-0.26488858408800553,0.3159831973709406,-0.048464698676204065,0.24184335823990025,0.01837320616656868,0.33809531199402315
2,1.3181752246527776,0.10005363535548284,0.3159831973709406,-0.11606047001717545,0.24184335823990025,-0.20488756910672912,0.33809531199402315
3,-2.3929866495555556,-0.33676319678142264,0.3159831973709406,0.13497525995344084,0.24184335823990025,-0.17811465927390202,0.33809531199402315
