key,dI,dB_X,dB_X_err,dB_Y,dB_Y_err,dB_Z,dB_Z_err
1,0.8351553422326389,-0.10418724851200523,0.32575640339540923,-0.3336054904083168,0.27485415423632303,-0.12695164609806753,0.3025564889947024
2,1.3181752246527776,0.06184861986793955,0.32575640339540923,-0.06489671827752863,0.27485415423632303,0.02304597536011599,0.3025564889947024
3,-2.3929866495555556,-0.2748040704846719,0.32575640339540923,-0.16947071365844968,0.27485415423632303,-0.5786356036236668,0.3025564889947024
