key,dI,dB_X,dB_X_err,dB_Y,dB_Y_err,dB_Z,dB_Z_err
1,0.8351553422326389,-0.18270809842680436,0.23467106090128784,-0.06554965071400609,0.19865399561593108,-0.27544851446057095,0.2407761247541213
2,1.3181752246527776,-0.04175881338527887,0.23467106090128784,-0.1608530005382658,0.19865399561593108,0.056754347089771784,0.2407761247541213
3,-2.3929866495555556,-0.29460518386693124,0.23467106090128784,0.07713951006827813,0.19865399561593108,-0.1482945840797285,0.2407761247541213
