key,dI,dB_X,dB_X_err,dB_Y,dB_Y_err,dB_Z,dB_Z_err
1,0.8351553422326389,0.10985712299326877,0.3049674292336634,-0.05158050378267376,0.25272283072682217,1.1940109160946122e-05,0.2495364875373843
2,1.3181752246527776,-0.026417166267037828,0.3049674292336634,0.021529325100523522,0.25272283072682217,0.18661087684821354,0.2495364875373843
3,-2.3929866495555556,-0.7254067997031015,0.3049674292336634,0.11873270939684488,0.25272283072682217,-0.4242512050229834,0.2495364875373843
