key,dI,dB_X,dB_X_err,dB_Y,dB_Y_err,dB_Z,dB_Z_err
1,0.5369994730000001,0.09374840400394646,0.1829269961891008,0.14205645739836115,0.14086878627144267,0.09902653863561639,0.19095130902721671
2,0.05908198293771047,-0.08773036435931658,0.1829269961891008,0.16444083183104397,0.14086878627144267,0.07472277327034504,0.19095130902721671
