key,dI,dB_X,dB_X_err,dB_Y,dB_Y_err,dB_Z,dB_Z_err
1,0.5369994730000001,-0.20200924444657886,0.3159831973709406,0.21029284517638125,0.24184335823990025,0.25295923316695124,0.33809531199402315
2,0.05908198293771047,-0.07164213256550411,0.3159831973709406,0.040598696218811625,0.24184335823990025,0.038320213993745966,0.33809531199402315
