key,dI,dB_X,dB_X_err,dB_Y,dB_Y_err,dB_Z,dB_Z_err
1,0.5369994730000001,0.27507354124078987,0.3054759027562873,0.2921018524211032,0.1976110647840052,0.14197949566097368,0.2451370291479421
2,0.05908198293771047,-0.2284065593246858,0.3054759027562873,0.20036774751635988,0.1976110647840052,0.14186333940903673,0.2451370291479421
