key,dI,dB_X,dB_X_err,dB_Y,dB_Y_err,dB_Z,dB_Z_err
1,0.5369994730000001,-0.026800967784897267,0.23467106090128784,0.07214176038525011,0.19865399561593108,0.36281813301219046,0.2407761247541213
2,0.05908198293771047,-0.043043250141582945,0.23467106090128784,0.05482326774037283,0.19865399561593108,0.21771428322488617,0.2407761247541213
