key,dI,dB_X,dB_X_err,dB_Y,dB_Y_err,dB_Z,dB_Z_err
1,0.5369994730000001,0.18774566905250367,0.3049674292336634,0.1775594982013473,0.25272283072682217,0.2654618713237227,0.2495364875373843
2,0.05908198293771047,-0.3647224221646752,0.3049674292336634,-0.04772057337929425,0.25272283072682217,-0.050318016149184075,0.2495364875373843
