key,dI,dB_X,dB_X_err,dB_Y,dB_Y_err,dB_Z,dB_Z_err
1,0.5369994730000001,0.05390751784976544,0.32575640339540923,0.13041410942334097,0.27485415423632303,0.04143582761510345,0.3025564889947024
2,0.05908198293771047,0.12624863134822206,0.32575640339540923,0.2091894892213313,0.27485415423632303,0.09123527032117806,0.3025564889947024
