key,dI,dB_X,dB_X_err,dB_Y,dB_Y_err,dB_Z,dB_Z_err
1,0.5369994730000001,0.09869846155749329,0.2006988256172399,0.1257612120156395,0.14507768463129808,0.06162208525065438,0.22501390441406646
2,0.05908198293771047,-0.0672253835907135,0.2006988256172399,0.14889029708329105,0.14507768463129808,0.0777047158976032,0.22501390441406646
