key,dI,dB_X,dB_X_err,dB_Y,dB_Y_err,dB_Z,dB_Z_err
1,0.5369994730000001,0.09227636027708286,0.1825986992147356,0.11907540842652509,0.14098284146244575,0.12323936509534406,0.18828613753264214
2,0.05908198293771047,-0.07431800649416687,0.1825986992147356,0.15438529989430805,0.14098284146244575,0.08362443925925334,0.18828613753264214
