key,dI,dB_X,dB_X_err,dB_Y,dB_Y_err,dB_Z,dB_Z_err
1,0.5369994730000001,-5.08451090802555,6.1217884044754864,1.9625546768220374,2.5878079222056685,-9.854021475242916,5.633539451341889
2,0.05908198293771047,1.5739266960299574,6.1217884044754864,-1.991158560187614,2.5878079222056685,2.1144225168973207,5.633539451341889
