key,dI,dB_X,dB_X_err,dB_Y,dB_Y_err,dB_Z,dB_Z_err
1,0.5369994730000001,-0.01959263296580538,0.27815828516570795,0.16218989151338548,0.2238401307253525,0.04835574454707903,0.2749060019336722
2,0.05908198293771047,-0.13763203554381498,0.27815828516570795,0.008259424382210057,0.2238401307253525,0.1976122839831278,0.2749060019336722
