key,dI,dB_X,dB_X_err,dB_Y,dB_Y_err,dB_Z,dB_Z_err
1,0.5369994730000001,0.04370996704800234,0.2981709236511608,0.3959660429533951,0.2755442590876861,0.47438652200824194,0.2612449397486718
2,0.05908198293771047,-0.04348556868127673,0.2981709236511608,0.2445531828889802,0.2755442590876861,-0.1442319947942181,0.2612449397486718
