Bx_var,By_var,Bz_var
0.13215503938614637,0.15529486041334536,0.12941630201537413
