key,dI,dB_X,dB_X_err,dB_Y,dB_Y_err,dB_Z,dB_Z_err
1,0.4064641092,4.858389656496001,6.184410127179648,-3.0321867777383886,2.614368504027953,3.251118675165344,5.678954406402498
2,0.07646194000000006,3.259579941877746,6.146748838135857,1.8308264661973226,2.6036451540302594,-11.338452741678338,5.6894481464940165
3,0.10491910999999987,4.636091797583504,6.252264709985933,-1.1900239573733415,2.7127337454950577,-0.8773521802504547,5.7584516591607695
4,-0.10483928999999992,-1.6597039414045867,6.1880422614250765,-0.6858235933395918,2.647485848947596,12.372784062172286,5.740821772847271
5,-0.13280804363636356,-2.174703127690009,6.224175147493699,0.5478170938295079,2.654985307697381,3.498847616428975,5.7336707904521145
6,-0.25201328,-4.493000334739918,6.151761558683058,-0.5612902484936058,2.627604717823023,1.1454219996812753,5.738566690254761
