key,dI,dB_X,dB_X_err,dB_Y,dB_Y_err,dB_Z,dB_Z_err
1,0.4064641092,0.12736734072477773,0.3114384154557219,0.11322797480251623,0.20282490881708426,0.1059037404529306,0.25159086374734246
2,0.07646194000000006,0.1627458314080954,0.30949448089569065,0.12054646474086006,0.20396740423121038,-0.155049599457163,0.24892097319586695
3,0.10491910999999987,0.32042175149758734,0.30903552926695776,0.14780689466204855,0.2013644125551151,-0.23229253018086204,0.24907923428075154
4,-0.10483928999999992,0.005473373532193904,0.30979754807409116,-0.17909762048357436,0.20302831781613412,-0.048718615547224786,0.2504835578681471
5,-0.13280804363636356,0.026818898981399997,0.3082446257745025,0.2880447011873528,0.20311489414460995,-0.3280341160347806,0.24842495468995335
6,-0.25201328,0.43063643277378816,0.3106633393037244,-0.4310694786234137,0.2043483187195531,0.18186665505044708,0.24945055194500157
