key,dI,dB_X,dB_X_err,dB_Y,dB_Y_err,dB_Z,dB_Z_err
1,0.4064641092,-0.12612029414511028,0.31039736999893053,-0.025052161839553833,0.25642120434112564,0.12311513719704692,0.257751285224787
2,0.07646194000000006,0.056816266810102434,0.30672069455502976,0.22150120616712599,0.2577305260041526,0.08779033811791237,0.25805267260537784
3,0.10491910999999987,0.11194577631274427,0.3102973063860462,-0.09455175508843183,0.2565470349403308,-0.13639892274525778,0.2519676472867109
4,-0.10483928999999992,0.03180325067054213,0.3105266698347827,0.22853417652979147,0.2567121450120182,-0.03991050200340851,0.2569421905560465
5,-0.13280804363636356,-0.48446672136375213,0.3111554989500483,-0.198149242481378,0.2588687044431719,0.027705705883896314,0.252541890782445
6,-0.25201328,0.4918365815052965,0.3120889708918239,0.08594062192484841,0.25576300244566813,0.2526113905136995,0.25761862851731565
