key,dI,dB_X,dB_X_err,dB_Y,dB_Y_err,dB_Z,dB_Z_err
1,0.40646410920000003,0.08131263718778214,0.23467106090128784,0.13102531071564094,0.19865399561593108,0.11711996539489533,0.2407761247541213
2,0.07646194000000006,0.04350203625687854,0.23467106090128784,0.07380129145551706,0.19865399561593108,0.017425028790292174,0.2407761247541213
3,0.10491910999999987,0.18335339730350952,0.23467106090128784,0.10369314937904227,0.19865399561593108,-0.11304268151415542,0.2407761247541213
4,-0.10483928999999992,-0.057571854418007724,0.23467106090128784,-0.14486600999848065,0.19865399561593108,-0.014219850919563015,0.2407761247541213
5,-0.13280804363636356,0.26416217277395404,0.23467106090128784,-0.1568355242592947,0.19865399561593108,-0.2488588996007941,0.2407761247541213
6,-0.25201328,0.16415081212191396,0.23467106090128784,-0.008194314411753112,0.19865399561593108,0.09284372977809596,0.2407761247541213
