key,dI,dB_X,dB_X_err,dB_Y,dB_Y_err,dB_Z,dB_Z_err
1,0.4064641092,0.26076583962353794,0.30378840136261354,-0.010961706081927147,0.27837355142833276,0.03684562167896743,0.26631827968052235
2,0.07646194000000006,0.08575751581731339,0.30362050274291297,0.051321914903838195,0.2794009529624195,-0.00212481024862754,0.2691729433538423
3,0.10491910999999987,-0.10204394145545592,0.3044503658513193,0.291658798042552,0.2785397802453067,-0.24815639780546306,0.2668683476175283
4,-0.10483928999999992,0.3186217688796873,0.3027712788381163,-0.1216435509250231,0.28033854560259747,-0.1485101609924655,0.2650768662477634
5,-0.13280804363636356,0.08002731888385739,0.30231339955491987,-0.15661248741562828,0.28174464632962487,-0.15229312113278226,0.2668345035587893
6,-0.25201328,0.5108216592424029,0.3062553777809468,-0.2004349809591739,0.27998106098346753,0.4467341046367821,0.26861719294840364
