key,dI,dB_X,dB_X_err,dB_Y,dB_Y_err,dB_Z,dB_Z_err
1,0.4064641092,0.13687717273832867,0.20490681577068742,0.0690968522029678,0.14760759275147411,0.021545897925619784,0.22863757967378157
2,0.07646194000000006,0.05814740973039978,0.20292048762147538,0.09161542265687217,0.1483620727524109,-0.09212930724885382,0.22904722532076563
3,0.10491910999999987,0.074460842315343,0.20362629682652264,0.04647395764395412,0.14887149509556022,-0.13680853782354063,0.22758254373738407
4,-0.10483928999999992,-0.007301128770960119,0.20325122034356008,-0.04579277509505175,0.15025288019156408,0.1001893987108815,0.22757676899902213
5,-0.13280804363636356,0.0009768629398054784,0.20372789757595025,0.22251977332329886,0.151413863319133,-0.012580189859392021,0.22785966739171584
6,-0.25201328,0.24265752821586428,0.20462117025663534,-0.16312366102577158,0.14910466440964512,0.29507143771333233,0.2279216896078935
