key,dI,dB_X,dB_X_err,dB_Y,dB_Y_err,dB_Z,dB_Z_err
1,0.4064641092,0.02652912267475216,0.3303180667808104,0.04231602830035808,0.2786751409586333,0.006483029830409492,0.3068605483151638
2,0.07646194000000006,0.0010458754119344604,0.3289463507047297,0.35815680392594995,0.27954015886890604,0.15550471165603597,0.30734506496982256
3,0.10491910999999987,0.2176731008467616,0.32941651467374133,-0.11173429773940491,0.2804046923615069,-0.08882562843034236,0.30643692462378397
4,-0.10483928999999992,-0.07081651872992722,0.3291764161081661,-0.09854487755524888,0.2828732960395663,-0.1346454898977889,0.3079301985387036
5,-0.13280804363636356,0.20513690828251008,0.32951528629120713,0.26524164013740137,0.2805529454095813,0.019403338488977795,0.30708511989562765
6,-0.25201328,-0.24274383445750836,0.3311623379748064,-0.23854259392295862,0.2787959888802539,0.2948187310499861,0.3067762540071077
