key,dI,dB_X,dB_X_err,dB_Y,dB_Y_err,dB_Z,dB_Z_err
1,0.4064641092,0.14567718830342002,0.28212277152558435,0.027818653041251196,0.2275964220876945,0.33119028329074407,0.27857130125923546
2,0.07646194000000006,-0.192336724153801,0.28220364454471064,0.46540191516822205,0.22944873513562852,0.14149199115528255,0.28036065055844744
3,0.10491910999999987,0.17610548854773977,0.2829974137257155,-0.08776793245324654,0.22808789147047143,-0.35099879161765335,0.2788046324113318
4,-0.10483928999999992,0.12859871127607292,0.2815972162385363,0.09291672712196686,0.2345298459948188,-0.10939123382679017,0.2798960687023618
5,-0.13280804363636356,0.2420630648467208,0.283763865889542,-0.1989519880202053,0.2277724713746958,-0.19841705951832878,0.27718385507670323
6,-0.25201328,-0.014057670544485035,0.2811752294494407,-0.13672538740637918,0.22942924811333876,0.3285496760621234,0.27874498310039375
