key,dI,dB_X,dB_X_err,dB_Y,dB_Y_err,dB_Z,dB_Z_err
1,0.40646410920000003,0.13687717273832867,0.2006988256172399,0.0690968522029678,0.14507768463129808,0.021545897925619784,0.22501390441406646
2,0.07646194000000006,0.05814740973039977,0.2006988256172399,0.09161542265687216,0.14507768463129808,-0.09212930724885382,0.22501390441406646
3,0.10491910999999987,0.074460842315343,0.2006988256172399,0.046473957643954115,0.14507768463129808,-0.13680853782354066,0.22501390441406646
4,-0.10483928999999992,-0.007301128770960119,0.2006988256172399,-0.04579277509505175,0.14507768463129808,0.1001893987108815,0.22501390441406646
5,-0.13280804363636356,0.0009768629398054782,0.2006988256172399,0.22251977332329886,0.14507768463129808,-0.01258018985939202,0.22501390441406646
6,-0.25201328,0.2426575282158643,0.2006988256172399,-0.16312366102577158,0.14507768463129808,0.29507143771333233,0.22501390441406646
