key,dI,dB_X,dB_X_err,dB_Y,dB_Y_err,dB_Z,dB_Z_err
1,0.40646410920000003,0.12283193287856875,0.1825986992147356,0.06646185190339793,0.14098284146244575,0.04370589733645147,0.18828613753264214
2,0.07646194000000006,0.07363778309775171,0.1825986992147356,0.1245415756292445,0.14098284146244575,-0.03084394181070138,0.18828613753264214
3,0.10491910999999987,0.08312068012850203,0.1825986992147356,0.062400072826910964,0.14098284146244575,-0.11689274541812722,0.18828613753264214
4,-0.10483928999999992,0.0017372130222099713,0.1825986992147356,-0.0210654982151226,0.14098284146244575,0.017433867310131745,0.18828613753264214
5,-0.13280804363636356,0.06138443636126568,0.1825986992147356,0.028753745331336237,0.14098284146244575,-0.0723765719865952,0.18828613753264214
6,-0.25201328,0.25420472976495034,0.1825986992147356,-0.1566941546721239,0.14098284146244575,0.2825790205108234,0.18828613753264214
