key,dI,dB_X,dB_X_err,dB_Y,dB_Y_err,dB_Z,dB_Z_err
1,0.40646410920000003,0.12736734072477773,0.3054759027562873,0.11322797480251626,0.1976110647840052,0.1059037404529306,0.2451370291479421
2,0.07646194000000006,0.1627458314080954,0.3054759027562873,0.12054646474086005,0.1976110647840052,-0.15504959945716298,0.2451370291479421
3,0.10491910999999987,0.3204217514975873,0.3054759027562873,0.14780689466204855,0.1976110647840052,-0.23229253018086204,0.2451370291479421
4,-0.10483928999999992,0.005473373532193904,0.3054759027562873,-0.17909762048357436,0.1976110647840052,-0.04871861554722479,0.2451370291479421
5,-0.13280804363636356,0.0268188989814,0.3054759027562873,0.2880447011873528,0.1976110647840052,-0.3280341160347806,0.2451370291479421
6,-0.25201328,0.43063643277378816,0.3054759027562873,-0.4310694786234137,0.1976110647840052,0.18186665505044708,0.2451370291479421
