key,dI,dB_X,dB_X_err,dB_Y,dB_Y_err,dB_Z,dB_Z_err
1,0.4064641092,0.08131263718778214,0.24121207199143838,0.13102531071564094,0.20205585613996832,0.11711996539489533,0.24555915398557177
2,0.07646194000000006,0.04350203625687854,0.23810243049692134,0.07380129145551706,0.20371012887899792,0.017425028790292174,0.24682682315927476
3,0.10491910999999987,0.18335339730350952,0.23905004137180785,0.10369314937904228,0.2020894765369404,-0.11304268151415542,0.24689017850617623
4,-0.10483928999999992,-0.05757185441800772,0.23816203790121093,-0.14486600999848065,0.20413521754271172,-0.014219850919563015,0.24408505837942662
5,-0.13280804363636356,0.26416217277395404,0.23947318157264444,-0.1568355242592947,0.2044173583561653,-0.2488588996007941,0.24498209599596787
6,-0.25201328,0.16415081212191396,0.23871588224092027,-0.008194314411753112,0.20463494135787458,0.09284372977809596,0.24471345606837172
