key,dI,dB_X,dB_X_err,dB_Y,dB_Y_err,dB_Z,dB_Z_err
1,0.40646410920000003,0.19349756829035056,0.3159831973709406,-0.050516663623634266,0.24184335823990025,0.020107962302363447,0.33809531199402315
2,0.07646194000000006,0.03443398996833835,0.3159831973709406,0.08654371963448426,0.24184335823990025,-0.5081614628819864,0.33809531199402315
3,0.10491910999999987,-0.2171664658981598,0.3159831973709406,0.07089621847446992,0.24184335823990025,-0.010032570868466095,0.33809531199402315
4,-0.10483928999999992,0.14306163631600555,0.3159831973709406,-0.06549072824403003,0.24184335823990025,0.002468078424774589,0.33809531199402315
5,-0.13280804363636356,-0.36129101091351146,0.3159831973709406,0.06429567929020052,0.24184335823990025,-0.3912377210540061,0.33809531199402315
6,-0.25201328,0.4203316051269788,0.3159831973709406,-0.19115574324761653,0.24184335823990025,0.3021527730643712,0.33809531199402315
