key,dI,dB_X,dB_X_err,dB_Y,dB_Y_err,dB_Z,dB_Z_err
1,0.4064641092,0.19349756829035059,0.32340472791595476,-0.05051666362363427,0.245507480264889,0.020107962302363447,0.34271147425633386
2,0.07646194000000006,0.03443398996833835,0.32005985683171756,0.08654371963448426,0.24787588772778435,-0.5081614628819864,0.3420425686978257
3,0.10491910999999987,-0.2171664658981598,0.3219323896156913,0.07089621847446992,0.2449773864392181,-0.010032570868466095,0.34120267003399635
4,-0.10483928999999992,0.14306163631600555,0.32126950147691336,-0.06549072824403002,0.2470812568728789,0.002468078424774589,0.3417875416403602
5,-0.13280804363636356,-0.36129101091351146,0.32100394840591123,0.06429567929020052,0.24743253356139633,-0.3912377210540061,0.34260333564166484
6,-0.25201328,0.42033160512697876,0.3199316814924327,-0.19115574324761653,0.24694330144045473,0.30215277306437116,0.34150006582390025
