key,dI,dB_X,dB_X_err,dB_Y,dB_Y_err,dB_Z,dB_Z_err
1,0.4064641092,0.15376348778471183,0.33327273004235286,-0.09533353609426687,0.33579244179270307,0.1392275709155637,0.26908748491413315
2,0.07646194000000006,0.26797875404079896,0.3336919691935376,0.007875814931389336,0.3358934092833251,-0.15868154609914598,0.2680930432197277
3,0.10491910999999987,0.012744220608162493,0.3341405144197175,0.062062087750639705,0.3363239882519606,0.11962725536354668,0.26750309289967017
4,-0.10483928999999992,0.08629398730372273,0.33512345987083114,0.04114634375350601,0.3357417497520246,0.10166164008979273,0.2714880281259357
5,-0.13280804363636356,0.009324474714233588,0.33339574441819847,0.027304243721852473,0.334422557206983,0.049941216153346346,0.2681034966522684
6,-0.25201328,0.26838252663271334,0.3342770511508779,0.05625994734830808,0.3380725536578524,0.6030004549104664,0.2684154097961871
