key,dI,dB_X,dB_X_err,dB_Y,dB_Y_err,dB_Z,dB_Z_err
1,0.4064641092,0.12283193287856875,0.18741246903994196,0.06646185190339793,0.14356802912999092,0.04370589733645147,0.19231167426039442
2,0.07646194000000006,0.07363778309775171,0.18510566282144608,0.1245415756292445,0.14449239902322294,-0.03084394181070138,0.19336235213996067
3,0.10491910999999987,0.08312068012850204,0.1858549221228734,0.06240007282691096,0.14478568029857397,-0.11689274541812722,0.19125159415430099
4,-0.10483928999999992,0.0017372130222099713,0.18540604007390304,-0.021065498215122602,0.14638382070585854,0.017433867310131745,0.1918784592283791
5,-0.13280804363636356,0.06138443636126567,0.1857682347754077,0.028753745331336233,0.14511916833852775,-0.0723765719865952,0.1917527663428999
6,-0.25201328,0.25420472976495034,0.18647116806970168,-0.1566941546721239,0.14518703451625142,0.2825790205108234,0.19147280702877983
