key,dI,dB_X,dB_X_err,dB_Y,dB_Y_err,dB_Z,dB_Z_err
1,0.108,0.28172017432127205,0.33031817664664803,-0.2391502190108836,0.3323049016325049,-0.11273454846692488,0.26386302304116005
2,-0.117,-0.05228549490990275,0.33031817664664803,-0.0004325025182119192,0.3323049016325049,-0.1563120326416101,0.26386302304116005
