key,dI,dB_X,dB_X_err,dB_Y,dB_Y_err,dB_Z,dB_Z_err
1,0.108,3.5724566613935167,6.1217884044754864,-3.2766157444930286,2.5878079222056685,0.4483553578611463,5.633539451341889
2,-0.117,3.4290348039357923,6.1217884044754864,-3.4553015564742964,2.5878079222056685,9.879118409007788,5.633539451341889
