key,dI,dB_X,dB_X_err,dB_Y,dB_Y_err,dB_Z,dB_Z_err
1,0.08240720863333334,0.4621924536870132,0.3159831973709406,0.07116579508166776,0.24184335823990025,0.5367112824718987,0.33809531199402315
2,-0.08240121150000003,0.1354642031868778,0.3159831973709406,0.005043776973591818,0.24184335823990025,-0.2318174149548469,0.33809531199402315
