key,dI,dB_X,dB_X_err,dB_Y,dB_Y_err,dB_Z,dB_Z_err
1,0.108,0.2913251052119357,0.32575640339540923,-0.365595365908999,0.27485415423632303,0.1365233371061194,0.3025564889947024
2,-0.117,0.12963338360305166,0.32575640339540923,0.05201341313969143,0.27485415423632303,-0.11776983573458112,0.3025564889947024
