key,dI,dB_X,dB_X_err,dB_Y,dB_Y_err,dB_Z,dB_Z_err
1,0.108,0.25634936201291225,0.2981709236511608,-0.03793799065045267,0.2755442590876861,0.062017368667838475,0.2612449397486718
2,-0.117,-0.25100637350875843,0.2981709236511608,-0.09571468220570267,0.2755442590876861,-0.4233240172465287,0.2612449397486718
