key,dI,dB_X,dB_X_err,dB_Y,dB_Y_err,dB_Z,dB_Z_err
1,0.108,0.15660835454190192,0.1825986992147356,-0.01050906814786856,0.14098284146244575,0.1208434006046133,0.18828613753264206
2,-0.117,0.041882969069462206,0.1825986992147356,-0.0222532873825756,0.14098284146244575,-0.02951886306389895,0.18828613753264206
