key,dI,dB_X,dB_X_err,dB_Y,dB_Y_err,dB_Z,dB_Z_err
1,0.108,0.15138594751638834,0.3054759027562873,-0.045458534724250654,0.1976110647840052,0.004050499245012773,0.2451370291479421
2,-0.117,0.05176709493209941,0.3054759027562873,-0.04399848803189599,0.1976110647840052,-0.06142279149272412,0.2451370291479421
