key,dI,dB_X,dB_X_err,dB_Y,dB_Y_err,dB_Z,dB_Z_err
1,0.108,-0.01679307520693385,0.3049674292336634,0.3531471768493049,0.25272283072682217,0.31495041278699176,0.2495364875373843
2,-0.117,-0.1217913663421868,0.3049674292336634,0.07432963677916149,0.25272283072682217,-0.04472416318405692,0.2495364875373843
