key,dI,dB_X,dB_X_err,dB_Y,dB_Y_err,dB_Z,dB_Z_err
1,0.16724402178451178,-0.07194998094223592,0.1825986992147356,0.036585588715865924,0.14098284146244575,-0.049775673609460114,0.18828613753264214
2,0.04865716158249159,-0.006300900674460763,0.1825986992147356,-0.06326117768040262,0.14098284146244575,0.1473457678815464,0.18828613753264214
3,-0.18182071797979799,-0.017570601064250013,0.1825986992147356,-0.12678408642557315,0.14098284146244575,0.3420112863727809,0.18828613753264214
