key,dI,dB_X,dB_X_err,dB_Y,dB_Y_err,dB_Z,dB_Z_err
1,0.16724402178451178,-0.05414279230745933,0.1829269961891008,0.037806239608948466,0.14086878627144267,-0.03991839797368968,0.19095130902721671
2,0.04865716158249159,-0.035653104928059065,0.1829269961891008,-0.08845146738098908,0.14086878627144267,0.13911526629526172,0.19095130902721671
3,-0.18182071797979799,-0.0050486992404046305,0.1829269961891008,-0.11800820050600258,0.14086878627144267,0.3503831635513901,0.19095130902721671
