key,dI,dB_X,dB_X_err,dB_Y,dB_Y_err,dB_Z,dB_Z_err
1,0.16724402178451178,-5.328190805623308,6.1217884044754864,1.18654593561223,2.5878079222056685,-2.1946674503269605,5.633539451341889
2,0.04865716158249159,-2.44098804006353,6.1217884044754864,2.9496553830758785,2.5878079222056685,-12.894237812433857,5.633539451341889
3,-0.18182071797979799,-0.2664348620455712,6.1217884044754864,-0.36123113540088525,2.5878079222056685,-0.6635998248239048,5.633539451341889
