key,dI,dB_X,dB_X_err,dB_Y,dB_Y_err,dB_Z,dB_Z_err
1,0.16842249564191916,-0.05829138294899394,0.3049674292336634,0.02122545307457102,0.25272283072682217,0.07189027141519233,0.2495364875373843
2,0.049921440656565674,0.012435688036525505,0.3049674292336634,-0.09732926367460237,0.25272283072682217,0.2813165229428165,0.2495364875373843
3,-0.17548950810713804,0.1845552581460268,0.3049674292336634,0.04217580583001279,0.25272283072682217,0.1238132850774818,0.2495364875373843
