key,dI,dB_X,dB_X_err,dB_Y,dB_Y_err,dB_Z,dB_Z_err
1,0.16842249564191916,-0.10874559878468482,0.32575640339540923,0.04645949899338486,0.27485415423632303,0.027310290400979653,0.3025564889947024
2,0.049921440656565674,0.057518832351961535,0.32575640339540923,-0.43391933771955904,0.27485415423632303,0.19836714615397355,0.3025564889947024
3,-0.17548950810713804,-0.18930392137129282,0.32575640339540923,-0.29159930594664774,0.27485415423632303,0.4639415587554119,0.3025564889947024
