key,dI,dB_X,dB_X_err,dB_Y,dB_Y_err,dB_Z,dB_Z_err
1,0.16842249564191916,-0.01954002508577446,0.3054759027562873,-0.06574309282347279,0.1976110647840052,-0.028499793917000638,0.2451370291479421
2,0.049921440656565674,0.08659577610284686,0.3054759027562873,-0.10943285942806646,0.1976110647840052,-0.07079637036304476,0.2451370291479421
3,-0.17548950810713804,-0.004102077205002885,0.3054759027562873,0.06468255499665077,0.1976110647840052,0.39830822140946154,0.2451370291479421
