key,dI,dB_X,dB_X_err,dB_Y,dB_Y_err,dB_Z,dB_Z_err
1,0.19484915153333332,-6.983539273496717,0.6104613004698042,4.744850709452294,0.32768014566793713,-7.882556828611996,0.7558916657968708
2,0.051843870000000014,-3.8594033710687654,1.3881368262595941,1.9195220178371528,0.6975905625467435,-6.8099673662218265,1.1557236591711673
3,-0.32941293999999993,7.137531035710708,0.6848325801402366,-3.5767190163533087,0.5113541505246838,0.6992982642259449,1.1416967295331806
4,-0.18313856380000001,-0.3448589017498307,0.7578325258619291,0.06053893538773991,0.3547846104036804,-1.6257319550495595,0.6527195320855832
