key,dI,dB_X,dB_X_err,dB_Y,dB_Y_err,dB_Z,dB_Z_err
1,0.19484915153333332,0.2627639727542288,0.05065417908688048,-0.05590943360406575,0.03988679092631803,-0.09440139640147294,0.049474957836891854
2,0.051843870000000014,-0.10062598155745661,0.05043876558367046,0.010212188844784365,0.05637574304441405,-0.30858362775525805,0.04160915383328844
3,-0.32941293999999993,-0.012412703830982252,0.06116705991313784,-0.14612386518107412,0.041457766134236025,-0.023212146812504386,0.05767346213261727
4,-0.18313856380000001,-0.22159338412984653,0.04932401613492145,-0.34017095661147945,0.045614680733962604,0.12035771657975758,0.04299452677881647
