key,dI,dB_X,dB_X_err,dB_Y,dB_Y_err,dB_Z,dB_Z_err
1,0.3435317409,0.20624284993328423,0.05717179348345661,-0.09451164418179125,0.056486925728493766,-0.16610857194873851,0.058523971138639753
2,0.10210948000000009,-0.1901334263747465,0.059585308842985435,-0.029101351089440897,0.04844557381847825,-0.19351473732572622,0.06307950370419607
3,0.14303304000000006,-0.025788635341131183,0.047932358478039616,0.23913860232605177,0.04293194151922265,0.06143747900132546,0.05052502403132561
4,-0.2125266535353535,-0.2451323049549039,0.07383445253311567,-0.23351383513174095,0.043282740007780825,-0.2419252608414162,0.04388181605791657
5,-0.5744534373535353,-0.2369824362265156,0.05489678426059916,-0.4031894428590279,0.05598503760237521,-0.019865317948758232,0.0616586780970067
