key,dI,dB_X,dB_X_err,dB_Y,dB_Y_err,dB_Z,dB_Z_err
1,0.3435317409,0.07685042248030527,0.031716462040658915,-0.16299467440775572,0.03016262053231257,-0.22933907378234863,0.03908994682077996
2,0.10210948000000009,-0.11388373722473233,0.032363922874063165,0.038620375847187915,0.02756560922507305,-0.08158312548322755,0.06130747665500034
3,0.14303304000000006,-0.008725326419456003,0.029335330098228998,0.14994113084271277,0.02690478080646883,-0.0031217566009473785,0.04756897978953348
4,-0.2125266535353535,-0.24801104700490306,0.05307634211486942,-0.09665976225041817,0.026819478596625233,-0.10232286744698627,0.028549440071394483
5,-0.5744534373535353,-0.31099410662888527,0.03655547252570514,-0.3541857545634386,0.03198130529448987,0.33335567567340263,0.04237151291128171
