key,dI,dB_X,dB_X_err,dB_Y,dB_Y_err,dB_Z,dB_Z_err
1,0.3435317409,11.470813129402814,0.48963475698132813,-4.953364744629653,0.34804744821609335,6.509987809578888,1.0351636559197772
2,0.10210948000000009,5.1086693460383685,0.7445252260003827,-2.569401795939484,0.3192998024831673,3.8236408481025137,0.537210077203636
3,0.14303304000000006,4.493366348106065,1.6541053115718802,-1.588507705309894,0.6817217497228418,-4.352710000879597,0.5816123539904275
4,-0.2125266535353535,3.500789207042544,0.5024093276699777,2.639093467652856,0.4240207189617643,-19.005623164353892,0.8683873332388715
5,-0.5744534373535353,5.317318456538487,1.1026365287827498,-1.6657628000539262,0.6496302907234506,-1.2253242368460633,0.6075772325951865
