key,dI,dB_X,dB_X_err,dB_Y,dB_Y_err,dB_Z,dB_Z_err
1,0.3435317409,-0.09586279489502658,0.18537724876086892,-0.08880075337469506,0.14414387761779898,0.04007686931724663,0.19495388622024223
2,0.10210948000000009,-0.1412063871166538,0.18565982274602688,0.049064936066780085,0.14351997373815997,-0.03972384310682209,0.1966735732642679
3,0.14303304000000006,-0.03104204102342578,0.1854469113891782,0.17002349511919057,0.14323605877616927,0.019155857808501153,0.19665665317400546
4,-0.2125266535353535,-0.20157165461253612,0.19043964278521816,-0.06376911354684012,0.14360122063340425,-0.21096941847316586,0.1932332634413186
5,-0.5744534373535353,-0.16708498951231832,0.18615015127858134,-0.43456598882466224,0.14445925323629383,0.10362090873533703,0.19573753672220903
