key,dI,dB_X,dB_X_err,dB_Y,dB_Y_err,dB_Z,dB_Z_err
1,0.3435317409,-0.09202166718836935,0.308243142219237,0.006900756236198902,0.2558409833180907,0.22093122562014145,0.25624384176951104
2,0.10210948000000009,0.07202748053293817,0.3090121587111139,0.31215754543137564,0.2561910485244709,0.14023153286480294,0.2548957812040708
3,0.14303304000000006,-0.21532075933752992,0.30718537864045264,0.25523486199366374,0.2569222977796777,0.08581968198530632,0.25968264116605116
4,-0.2125266535353535,-0.32902187686639905,0.31071133036708903,-0.1373632874819819,0.257958869731692,-0.13865003695583766,0.2547386310478385
5,-0.5744534373535353,-0.07108103872729998,0.3083385429374895,-0.7106924857705152,0.2570363793562909,-0.320491759523307,0.2569707787297378
