key,dI,dB_X,dB_X_err,dB_Y,dB_Y_err,dB_Z,dB_Z_err
1,0.34353174090000005,-0.019947440478354398,0.23467106090128784,0.08456777396854953,0.19865399561593108,-0.09741717336660473,0.2407761247541213
2,0.10210948000000007,-0.23181178445382503,0.23467106090128784,0.15597667694560613,0.19865399561593108,0.015106781285055604,0.2407761247541213
3,0.14303304000000006,0.029210962740766174,0.23467106090128784,0.0571463783608408,0.19865399561593108,-0.1681640650068985,0.2407761247541213
4,-0.2125266535353535,-0.14783968930387206,0.23467106090128784,-0.0016296656198111492,0.19865399561593108,-0.2582549424974303,0.2407761247541213
5,-0.5744534373535353,-0.39101332940691336,0.23467106090128784,-0.3866654072490192,0.19865399561593108,0.09022987025732476,0.2407761247541213
