key,dI,dB_X,dB_X_err,dB_Y,dB_Y_err,dB_Z,dB_Z_err
1,0.3435317409,11.470813129402814,6.141338247028466,-4.953364744629653,2.6111083601490477,6.509987809578888,5.7278556672076855
2,0.10210948000000009,5.1086693460383685,6.166896389702178,-2.56940179594676,2.6074321095852615,3.8236408481025137,5.659095459247661
3,0.14303304000000006,4.493366348106065,6.3413214435904655,-1.58850770531717,2.676096856669352,-4.352710000879597,5.663482999015676
4,-0.2125266535353535,3.500789207042544,6.142369933641271,2.639093467652856,2.622316421094024,-19.005623164353892,5.7000757284755625
5,-0.5744534373535353,5.317318456538487,6.220297467467038,-1.6657628000539262,2.668102201351351,-1.2253242368460633,5.666208330391106
