key,dI,dB_X,dB_X_err,dB_Y,dB_Y_err,dB_Z,dB_Z_err
1,0.34353174090000005,-0.09586279489502658,0.1829269961891008,-0.08880075337469506,0.14086878627144267,0.04007686931724663,0.19095130902721671
2,0.10210948000000007,-0.1412063871166538,0.1829269961891008,0.049064936066780085,0.14086878627144267,-0.03972384310682209,0.19095130902721671
3,0.14303304000000006,-0.03104204102342578,0.1829269961891008,0.17002349511919054,0.14086878627144267,0.019155857808501157,0.19095130902721671
4,-0.2125266535353535,-0.20157165461253607,0.1829269961891008,-0.06376911354684013,0.14086878627144267,-0.21096941847316586,0.19095130902721671
5,-0.5744534373535353,-0.16708498951231832,0.1829269961891008,-0.43456598882466224,0.14086878627144267,0.10362090873533704,0.19095130902721671
