key,dI,dB_X,dB_X_err,dB_Y,dB_Y_err,dB_Z,dB_Z_err
1,0.3435317409,-0.019947440478354395,0.23966135741755076,0.08456777396854953,0.2021804148665773,-0.09741717336660471,0.24573311501380884
2,0.10210948000000009,-0.231811784453825,0.23890574344525298,0.15597667694560613,0.20245705882594847,0.015106781285055604,0.24470276416341424
3,0.14303304000000006,0.029210962740766178,0.23748678804002077,0.0571463783608408,0.20385641606998245,-0.1681640650068985,0.24895300624911804
4,-0.2125266535353535,-0.14783968930387203,0.23969572696356656,-0.0016296656198111492,0.20229069508966802,-0.2582549424974303,0.24688389137593764
5,-0.5744534373535353,-0.39101332940691336,0.24054688241409772,-0.3866654072490192,0.20272553936250468,0.09022987025732476,0.2456832636974957
