key,dI,dB_X,dB_X_err,dB_Y,dB_Y_err,dB_Z,dB_Z_err
1,0.34353174090000005,0.07685042248030527,0.2006988256172399,-0.16299467440775572,0.14507768463129808,-0.2293390737823344,0.22501390441406646
2,0.10210948000000007,-0.11388373722473233,0.2006988256172399,0.03862037584719502,0.14507768463129808,-0.08158312548324176,0.22501390441406646
3,0.14303304000000006,-0.008725326419456003,0.2006988256172399,0.14994113084271274,0.14507768463129808,-0.0031217566009473785,0.22501390441406646
4,-0.2125266535353535,-0.24801104700490306,0.2006988256172399,-0.09665976225041817,0.14507768463129808,-0.10232286744698628,0.22501390441406646
5,-0.5744534373535353,-0.3109941066288853,0.2006988256172399,-0.3541857545634386,0.14507768463129808,0.33335567567340263,0.22501390441406646
