key,dI,dB_X,dB_X_err,dB_Y,dB_Y_err,dB_Z,dB_Z_err
1,0.3435317409,-0.38051305226326093,0.319688364718702,-0.19950444951536372,0.24489079783363935,-0.3691276116279134,0.3427582878756266
2,0.10210948000000009,-0.1108826369397029,0.31817727939535406,-0.0014300144984717988,0.24544252471089176,-0.14812243694068528,0.3418620315708976
3,0.14303304000000006,-0.07847602033324819,0.32039501980121937,-0.0442558089854419,0.2461539914035373,0.12475891599340372,0.34353453070866563
4,-0.2125266535353535,0.17545024569262324,0.321477158507408,-0.19335207838167268,0.24516426163709523,-0.004669307184892446,0.34229611752072714
5,-0.5744534373535353,-0.3687331426003091,0.3192056886175711,-0.3056317984549253,0.24571852678059006,-0.12394071341543622,0.34214728824724544
