key,dI,dB_X,dB_X_err,dB_Y,dB_Y_err,dB_Z,dB_Z_err
1,0.3435317409,0.0675476556735326,0.3088983918474099,-0.17842499588460647,0.2028392683700983,0.027410641519143297,0.2515208297907532
2,0.10210948000000009,0.02931512034123429,0.3086241496980522,-0.0016275265234728664,0.2027058584712956,0.08795956915293246,0.25026234067357683
3,0.14303304000000006,0.08205695101651145,0.3084575200338764,0.1364295289327302,0.20415304434331114,-0.019675214021459553,0.253421967835235
4,-0.2125266535353535,-0.3836288469545277,0.30947556692236017,-0.13870230663885152,0.20159368447330284,-0.09809750742067358,0.24764314559147158
5,-0.5744534373535353,-0.303037135442894,0.31114759583815893,-0.46997059177089895,0.20258518973222,-0.1318054434840885,0.2516200089823231
