key,dI,dB_X,dB_X_err,dB_Y,dB_Y_err,dB_Z,dB_Z_err
1,0.3435317409,-0.08589185789937837,0.3308434316719447,0.07467481069146631,0.2788832366770306,-0.012506950839917153,0.3072359714368992
2,0.10210948000000009,-0.1330401582756604,0.32881115566349284,0.20114781976613738,0.28006647450964317,-0.05041831678038733,0.3072398435445991
3,0.14303304000000006,0.06097095077238279,0.3294157988306368,0.21702734644705002,0.27742906832182485,0.0030301306000168893,0.30886307325560497
4,-0.2125266535353535,-0.268933238238116,0.3315715778104318,0.2219162809137467,0.2777714378973476,-0.23004969815450238,0.3067790464325495
5,-0.5744534373535353,0.07289386267028952,0.3290548293191432,-0.7287940217088473,0.2787603945698536,0.13875801627098738,0.30939159463893523
