key,dI,dB_X,dB_X_err,dB_Y,dB_Y_err,dB_Z,dB_Z_err
1,0.3435317409,0.07685042248030527,0.2031894499439275,-0.16299467440775572,0.14818001975757278,-0.22933907378233442,0.2283840649478725
2,0.10210948000000009,-0.11388373722473233,0.2032915200099049,0.03862037584719502,0.14767327920083514,-0.08158312548324176,0.23321634563954993
3,0.14303304000000006,-0.008725326419456003,0.2028314083077651,0.14994113084271277,0.1475513531223029,-0.0031217566009473785,0.22998709750305488
4,-0.2125266535353535,-0.24801104700490306,0.20759845061183363,-0.09665976225041817,0.14753582280305091,-0.10232286744698627,0.22681782934340233
5,-0.5744534373535353,-0.31099410662888527,0.20400078719386563,-0.3541857545634386,0.14856089144292903,0.33335567567340263,0.22896856178535419
