key,dI,dB_X,dB_X_err,dB_Y,dB_Y_err,dB_Z,dB_Z_err
1,0.3435317409,-0.12198484338409799,0.18522565817013675,-0.06119039869420817,0.14448912905715527,0.04307671341219077,0.19235060872447354
2,0.10210948000000009,-0.13070073799423199,0.18548730112551332,0.054550623771071116,0.14371185510733073,-0.038629015387570576,0.1940971765308681
3,0.14303304000000006,-0.02810844969050663,0.18492744251852486,0.16582203784529526,0.1434520707476071,0.006835501167500979,0.1940924540327568
4,-0.2125266535353535,-0.17746687607001377,0.18998942716632972,-0.06669403070738866,0.14351869664242897,-0.16261271028045599,0.1905918900199157
5,-0.5744534373535353,-0.14578669682026657,0.18571731920127157,-0.4108476491436335,0.14463618148483434,0.11011774525296403,0.1930842385494844
