key,dI,dB_X,dB_X_err,dB_Y,dB_Y_err,dB_Z,dB_Z_err
1,0.3435317409,-0.4551609045244689,0.28182063177170763,-0.8527504542664843,0.22698651880254603,0.03990687320089492,0.27884025586427985
2,0.10210948000000009,-0.05022206718174882,0.2813291749619598,-0.15006214784239802,0.23072930734180652,-0.06296242800522034,0.2799043203338839
3,0.14303304000000006,-0.15002697124467712,0.2814870617367169,0.02702980014824874,0.23046217458771043,0.07532530056960329,0.2818107335799996
4,-0.2125266535353535,-0.18778372293106838,0.2848652546143657,-0.03709921191076404,0.22718561944643775,-0.5481436966978221,0.27761379044782447
5,-0.5744534373535353,0.45828840627388523,0.2827148785401829,0.48900509365579836,0.22897963341562325,0.12627070478525582,0.2784299740826329
