key,dI,dB_X,dB_X_err,dB_Y,dB_Y_err,dB_Z,dB_Z_err
1,0.3435317409,-0.19825839263862122,0.30318343362814393,-0.13560847869312354,0.28188211933392837,0.13965592850838604,0.2664131406299553
2,0.10210948000000009,-0.22827311160889252,0.30166563455110196,-0.23150375316183625,0.27849461739866127,-0.21496230833166408,0.2674814499708838
3,0.14303304000000006,0.07572069604514553,0.3000677358690669,0.257972620541008,0.27815822916179317,0.10896764442571083,0.26518876784405665
4,-0.2125266535353535,-0.25430246843331616,0.3023335142773364,-0.13337347385412635,0.2788080289529417,0.06908014022283737,0.2656082316175782
5,-0.5744534373535353,-0.30628163333894776,0.3025322215795336,-0.14004674687700147,0.2791917706988463,0.10799481805984712,0.265562302918866
