key,dI,dB_X,dB_X_err,dB_Y,dB_Y_err,dB_Z,dB_Z_err
1,0.3435317409,-0.4551609045244689,0.045286166606118484,-0.8527504542664843,0.037662655176655915,0.03990687320089492,0.04667524388046463
2,0.10210948000000009,-0.05022206718174882,0.04211974689441607,-0.15006214784239802,0.05596078218973457,-0.0629624280052199,0.05266040868069032
3,0.14303304000000006,-0.15002697124467712,0.0431617228437763,0.02702980014824874,0.05484897257518528,0.07532530056960329,0.06199983598156792
4,-0.2125266535353535,-0.18778372293106838,0.06145064426171691,-0.03709921191076404,0.038844582120531865,-0.5481436966978221,0.038679539134436815
5,-0.5744534373535353,0.45828840627388523,0.050553644197654596,0.48900509365579836,0.04824177024125783,0.1262707047852556,0.04415813139728008
