key,dI,dB_X,dB_X_err,dB_Y,dB_Y_err,dB_Z,dB_Z_err
1,0.3435317409,-0.09202166718836935,0.04481854339220865,0.006900756236198902,0.03982184795548217,0.22093122562014855,0.058244723643460165
2,0.10210948000000009,0.07202748053293817,0.04983353627742237,0.31215754543137564,0.04201219077231966,0.14023153286480294,0.05199423682619425
3,0.14303304000000006,-0.21532075933752992,0.03684730596785565,0.25523486199366374,0.04626270556086573,0.08581968198530632,0.07187917299524915
4,-0.2125266535353535,-0.32902187686639905,0.05946762081247954,-0.1373632874819819,0.05171024369188402,-0.13865003695584477,0.051218273454224056
5,-0.5744534373535353,-0.07108103872729998,0.04547003592944042,-0.7106924857705152,0.04689212238759389,-0.320491759523307,0.06136385343565637
