key,dI,dB_X,dB_X_err,dB_Y,dB_Y_err,dB_Z,dB_Z_err
1,0.26676736,0.3087421275742024,0.3024021341148683,0.08999186906643697,0.2436694100569208,0.1091892544783022,0.3633432468970251
2,0.02345718000000008,0.032146327038169886,0.3024021341148683,-0.17525113552477034,0.2436694100569208,-0.017947724508522,0.3633432468970251
3,0.09207347999999993,0.3097205252380064,0.3024021341148683,0.10142699557882473,0.2436694100569208,-0.042701369168920415,0.3633432468970251
4,0.10994563999999996,-0.15583455064772878,0.3024021341148683,-0.44443963738323067,0.2436694100569208,-0.16553387493243046,0.3633432468970251
5,-0.10787117999999997,0.07492215734900752,0.3024021341148683,0.1555651228853474,0.2436694100569208,0.039138786598639896,0.3633432468970251
6,-0.08936073999999994,0.10121859046440916,0.3024021341148683,-0.2781403344870963,0.2436694100569208,0.008662010960389209,0.3633432468970251
7,-0.39792342,-0.04871351338163876,0.3024021341148683,-0.01592587624834696,0.2436694100569208,0.1817668800672756,0.3633432468970251
