key,dI,dB_X,dB_X_err,dB_Y,dB_Y_err,dB_Z,dB_Z_err
1,0.26676736,-0.03541491999457236,0.24910245541638276,0.2419539398495303,0.23145636728379862,0.15674051873762274,0.28228997222545976
2,0.023457180000000077,0.05092010757275389,0.24876796097018739,-0.12819344363713725,0.23389686780746652,-0.09388781145696967,0.2820884637875027
3,0.09207347999999993,0.2664845179508184,0.2518700677498398,0.31061921515009594,0.23183231296013668,-0.1480323442716287,0.2811879554786829
4,0.10994563999999996,-0.0428572656017252,0.24868719082761748,-0.20619322263742745,0.2296600274385306,0.013527928758007235,0.2807548008235141
5,-0.10787117999999996,-0.17370347494931337,0.2511850260770547,-0.022982862784351354,0.22951806093768495,0.24549156598462218,0.28582027762638645
6,-0.08936073999999994,0.034901764071335606,0.2505921564399182,0.0834577810023216,0.2306227407555065,-0.2890924276890292,0.2834795301073318
7,-0.39792342,0.09816092541955612,0.25009556695623625,-0.043642775929468414,0.2288472822862607,0.054360064384693985,0.2824020340049314
