key,dI,dB_X,dB_X_err,dB_Y,dB_Y_err,dB_Z,dB_Z_err
1,0.26676736,0.3087421275742024,0.3074634011324346,0.08999186906643697,0.25143356454173027,0.10918925447830219,0.3688998372009478
2,0.023457180000000077,0.032146327038169886,0.30731445241239624,-0.17525113552477034,0.2514396079936834,-0.017947724508522,0.36786632117015705
3,0.09207347999999993,0.3097205252380064,0.3052157959065247,0.10142699557882473,0.24633125243798837,-0.04270136916892042,0.3663077782268802
4,0.10994563999999996,-0.15583455064772878,0.30529662314392664,-0.44443963738323067,0.24678740625311926,-0.16553387493243044,0.36646576777427825
5,-0.10787117999999996,0.07492215734900753,0.30618699717424225,0.1555651228853474,0.24931127940487732,0.039138786598639896,0.3696001743559397
6,-0.08936073999999994,0.10121859046440917,0.3079704182650579,-0.2781403344870963,0.25051192879609757,0.00866201096038921,0.36805311398373425
7,-0.39792342,-0.04871351338163876,0.3061587975503175,-0.01592587624834696,0.24930906720477783,0.1817668800672756,0.36653792894103465
