key,dI,dB_X,dB_X_err,dB_Y,dB_Y_err,dB_Z,dB_Z_err
1,0.26676736,0.07245324933636077,0.2442215492240363,-0.15901563430120547,0.24697462073579537,-0.039537938208369816,0.2699136507150176
2,0.023457180000000077,-0.04999837436632504,0.24542541060058135,0.21667497008240133,0.24816855367205193,0.04748934104670299,0.27239268585625975
3,0.09207347999999993,0.18473257879459926,0.24985242902555624,0.24477088090227284,0.24830171750482172,-0.0704787027780216,0.2721595825383865
4,0.10994563999999996,-0.10037596849137742,0.24407695649580308,-0.18519371891855485,0.24766790443859504,0.1150430010090111,0.27086798516431204
5,-0.10787117999999996,0.04568270398962415,0.24550344930422377,-0.0444992260872894,0.24897622527669963,0.1851848270215779,0.27638986603214094
6,-0.08936073999999994,0.05931875409951992,0.24444157490317364,-0.08369887276046484,0.24873955931613073,-0.3870679550487841,0.274309036192587
7,-0.39792342,-0.08771416490488804,0.24407741870499364,0.11589491113159767,0.25066313306493676,-0.2392639371016534,0.2709278783441284
