key,dI,dB_X,dB_X_err,dB_Y,dB_Y_err,dB_Z,dB_Z_err
1,0.26676736,0.03780542618944338,0.2583023905751125,0.17848251460861952,0.3018183102496424,0.06970299051242179,0.2651006722316335
2,0.023457180000000077,0.038248284269915445,0.26021606917505824,-0.1961451187162222,0.3044354283578508,-0.08114561551315447,0.2634435130726256
3,0.09207347999999993,0.01586882767363562,0.26044209592838297,0.42261552796468926,0.3032709643204636,0.11250865439810553,0.26367100835571766
4,0.10994563999999996,0.11089334088615388,0.2582440778080668,-0.3646692003813303,0.3014970989323712,0.04856507979755875,0.26280600083803163
5,-0.10787117999999996,-0.08508495097654034,0.2599632407192116,-0.0005446543259939318,0.3028600215247961,0.3334719766339447,0.2663747346603166
6,-0.08936073999999994,0.15904207157613115,0.25995066762648644,-0.04870439227719636,0.30180679333758487,-0.3127337787667912,0.2644345499039005
7,-0.39792342,-0.021166645832632724,0.2591435492576807,0.03569356176245364,0.30293856436187366,0.033016627720027,0.26355793697041935
