key,dI,dB_X,dB_X_err,dB_Y,dB_Y_err,dB_Z,dB_Z_err
1,0.26676736,-0.01884544665813337,0.15877343999822124,0.09087356207127328,0.18280741340627032,0.12282503505180387,0.1890364687901075
2,0.023457180000000077,-0.018528932255264863,0.15942277374460426,-0.05237989380548669,0.1838344545492639,-0.10612423461429898,0.1880973336514987
3,0.09207347999999993,0.0509281836845048,0.1597945757743928,0.2065288586350178,0.18319866062334803,0.007906888618109065,0.1881430942199113
4,0.10994563999999996,-0.008507291019100194,0.1583323548624097,-0.2097412529062339,0.18131780306561526,0.0024462547760464304,0.18744619176882107
5,-0.10787117999999996,-0.010729586460740848,0.1595016454200224,-0.0030647595829407237,0.18273204124008888,0.14651550050123774,0.19348885404823823
6,-0.08936073999999994,0.022290928978549118,0.15991325811037327,-0.14210949048676014,0.1827287168720752,-0.21371583148167872,0.1906122571223516
7,-0.39792342,0.016115087951618534,0.15807451744949674,-0.0004893240735484028,0.18302542773915736,0.02343476651081744,0.18867085983462814
