key,dI,dB_X,dB_X_err,dB_Y,dB_Y_err,dB_Z,dB_Z_err
1,0.26676736,-4.1670230640884265,6.8485348313413965,0.5122721110892599,4.821749677226033,5.441079684125725,6.03478229209152
2,0.02345718000000008,-0.17603661761677358,6.8485348313413965,-0.006156581730465405,4.821749677226033,-3.601786506304052,6.03478229209152
3,0.09207347999999993,-0.8154078351944918,6.8485348313413965,0.6083862499144743,4.821749677226033,-3.5693220830289647,6.03478229209152
4,0.10994563999999996,1.0022087146062404,6.8485348313413965,-0.4107488937297603,4.821749677226033,-0.4330517367925495,6.03478229209152
5,-0.10787117999999997,-5.143606819372508,6.8485348313413965,1.815911180659896,4.821749677226033,0.12566615239484236,6.03478229209152
6,-0.08936073999999994,-2.9839480887749232,6.8485348313413965,2.8675642260932364,4.821749677226033,-5.520879114279524,6.03478229209152
7,-0.39792342,-0.259994998385082,6.8485348313413965,1.0270398117936566,4.821749677226033,0.4072207123972476,6.03478229209152
