key,dI,dB_X,dB_X_err,dB_Y,dB_Y_err,dB_Z,dB_Z_err
1,0.26676736,-0.3919998986860733,0.3243291691933953,0.09579265215292398,0.24423836407065602,-0.010895548832859703,0.291349375756722
2,0.023457180000000077,0.10898054713399574,0.3241947674583937,0.012542033017692855,0.24344436940481248,-0.15282333826576888,0.29168010713244824
3,0.09207347999999993,-0.08212274487538451,0.32552603593695467,0.20368367073054428,0.24075440495787925,-0.03733513902720986,0.2909478835279297
4,0.10994563999999996,-0.053093558432806276,0.32565576777025124,-0.18088384663586377,0.2419617541339322,-0.05799244097695677,0.2914928194885749
5,-0.10787117999999996,-0.28082666116034716,0.32420199605658206,0.27385289173727667,0.24162593018075357,0.02021702961174654,0.29517711280564274
6,-0.08936073999999994,0.25787893552227814,0.3247441362626495,-0.24216726183730408,0.24331045196133405,-0.39715909447744124,0.2939461040527706
7,-0.39792342,0.01044968454502282,0.3235869821328816,-0.14048029343028556,0.241523588122932,0.033121490055123104,0.29232532858389154
