key,dI,dB_X,dB_X_err,dB_Y,dB_Y_err,dB_Z,dB_Z_err
1,0.26676736,-0.06298677819900256,0.2298590861710091,0.14174602526781888,0.2605693523889576,0.19213540931565554,0.3690973670151142
2,0.023457180000000077,0.1255932059375997,0.2300891268495346,-0.18604036062558293,0.26265166108605315,-0.16941097524741977,0.36865836726367884
3,0.09207347999999993,0.1716935147521017,0.23439773619961587,0.27173898727448,0.26059541008545545,0.16891647222891848,0.3678563511247595
4,0.10994563999999996,0.03135678200485792,0.23085309277109442,-0.2838999967316429,0.2600392544285244,0.1549501009847205,0.3674401568387004
5,-0.10787117999999996,0.02599257212255779,0.2327238441844405,-0.1308342457749525,0.26006495972409455,-0.24373615454336672,0.36830015721393045
6,-0.08936073999999994,-0.14341134495753494,0.23117858887977416,-0.031497419237752844,0.2619311401004022,0.2182924106386519,0.36879558710066057
7,-0.39792342,-0.22356979275765276,0.228856485429461,-0.04763215437786794,0.26120045240949796,-0.14361223470828044,0.3680107247160897
