key,dI,dB_X,dB_X_err,dB_Y,dB_Y_err,dB_Z,dB_Z_err
1,0.26676736,0.22696256527353853,0.26407209791236946,0.18174100794883685,0.26080597794961746,0.2729578892099198,0.42308511680631083
2,0.023457180000000077,-0.01480345491208368,0.2643134210487665,-0.08811435571393389,0.2582078960126672,-0.15831347544239094,0.4226941361784561
3,0.09207347999999993,-0.03378592191123886,0.26540920160993536,0.09856157785490538,0.2566717557418758,0.15794038585232784,0.422788922824226
4,0.10994563999999996,0.06782156821142138,0.2635668147705022,-0.12336306355034665,0.25623032239051524,-0.08693390986806548,0.42402039547678344
5,-0.10787117999999996,-0.1893442522361397,0.26635402653418905,0.04250876895385858,0.2575590651423343,0.5370343710157712,0.42827753808263763
6,-0.08936073999999994,0.1373846358582469,0.2672110340999466,-0.16633285773237105,0.25794919342327033,-0.43769270711658237,0.4269521736526094
7,-0.39792342,0.25483731551215527,0.264558586702353,0.13101380075131175,0.255414294949146,0.036381643661542284,0.423554717134188
