key,dI,dB_X,dB_X_err,dB_Y,dB_Y_err,dB_Z,dB_Z_err
1,0.26676736,-4.167023064088426,6.880420442749607,0.5122721110892599,4.833567872116047,5.441079684125725,6.1366802694549945
2,0.023457180000000077,-0.17603661761677358,6.862339194508939,-0.006156581730465405,4.824404503992422,-3.6017865063040517,6.051450916574941
3,0.09207347999999993,-0.8154078351944918,6.89173820252536,0.6083862499144743,4.851941408948449,-3.5693220830289647,6.15036048025803
4,0.10994563999999996,1.0022087146062404,6.891486551217672,-0.4107488937297603,4.837790621616933,-0.4330517367925495,6.092500152970816
5,-0.10787117999999996,-5.143606819372508,7.072379424608842,1.8159111806598958,4.904116366280749,0.12566615239484236,6.1404172189275785
6,-0.08936073999999994,-2.9839480887749232,7.017423461832349,2.8675642260932364,4.879696182658631,-5.5208791142795235,6.117549964353672
7,-0.39792342,-0.259994998385082,7.118581651949767,1.0270398117936566,4.910607528058941,0.40722071239724755,6.267825016183149
