key,dI,dB_X,dB_X_err,dB_Y,dB_Y_err,dB_Z,dB_Z_err
1,0.26676736,-0.3919998986860733,0.32039403380535164,0.09579265215292397,0.2363280937238441,-0.010895548832859705,0.2868082700123229
2,0.02345718000000008,0.10898054713399574,0.32039403380535164,0.012542033017692857,0.2363280937238441,-0.15282333826576888,0.2868082700123229
3,0.09207347999999993,-0.08212274487538451,0.32039403380535164,0.20368367073054428,0.2363280937238441,-0.03733513902720986,0.2868082700123229
4,0.10994563999999996,-0.05309355843280628,0.32039403380535164,-0.18088384663586374,0.2363280937238441,-0.05799244097695677,0.2868082700123229
5,-0.10787117999999997,-0.2808266611603472,0.32039403380535164,0.2738528917372767,0.2363280937238441,0.02021702961174654,0.2868082700123229
6,-0.08936073999999994,0.2578789355222781,0.32039403380535164,-0.2421672618373041,0.2363280937238441,-0.3971590944774413,0.2868082700123229
7,-0.39792342,0.010449684545022821,0.32039403380535164,-0.14048029343028556,0.2363280937238441,0.033121490055123104,0.2868082700123229
