key,dI,dB_X,dB_X_err,dB_Y,dB_Y_err,dB_Z,dB_Z_err
1,0.26676736,-0.0012087204907427207,0.1586661020874302,0.11248602504441862,0.17991214820910037,0.11422406530603268,0.1910128255049572
2,0.023457180000000077,-0.02335864051135239,0.15912784988590667,-0.04272875753127181,0.18120083163450948,-0.10622277493115462,0.19016800270736944
3,0.09207347999999993,0.058858411762485296,0.15949741314107618,0.18567381124882587,0.18031488081937852,-0.046962824011671955,0.190276415350774
4,0.10994563999999996,-0.007617164153844946,0.15804059489110273,-0.1917996377522826,0.17852504259880703,-0.04465671342339306,0.18954404873176
5,-0.10787117999999996,-0.030484154324178725,0.15931952522297163,-0.01254721493198474,0.17973015860043898,0.18886324806277344,0.1955556234032904
6,-0.08936073999999994,0.0116014832288025,0.15983511928696223,-0.13381600321393705,0.17991811401540939,-0.16631695954058046,0.19276626087813456
7,-0.39792342,0.007234084005069974,0.1577901447798194,-0.0064425477096961,0.1803696955475137,0.04195358065570787,0.19030077000062748
