key,dI,dB_X,dB_X_err,dB_Y,dB_Y_err,dB_Z,dB_Z_err
1,0.26676736,-0.015179598473650913,0.15837805450567546,0.10289307567985517,0.1757204466084109,0.14276453522382138,0.19124344411329472
2,0.023457180000000077,-0.024557249134971926,0.15886902496538022,-0.05915528360507594,0.1770813514218508,-0.09926444733067985,0.19013906892396357
3,0.09207347999999993,0.04162088498756589,0.15914583035584928,0.19304635897230327,0.1757625235931838,-0.012738923812920966,0.19021640850002272
4,0.10994563999999996,-0.0006313525090888561,0.15768416015286021,-0.20142571280979205,0.17393415407113402,0.0001798077834118672,0.18946200393136942
5,-0.10787117999999996,0.0023327836306918925,0.15883585139657858,0.006690011737061852,0.17536572940454664,0.12836532490400288,0.19574504307975057
6,-0.08936073999999994,-0.00043832330794657537,0.1592723237378732,-0.16321266298260362,0.17562795840748283,-0.22564813250157734,0.19273088243065944
7,-0.39792342,0.027010666341681144,0.15760488713108517,0.018634938060976936,0.1761436668489385,0.013415376933384238,0.19041910599564807
