key,dI,dB_X,dB_X_err,dB_Y,dB_Y_err,dB_Z,dB_Z_err
1,0.1655530132,0.12157708822570612,0.2640339301672483,-0.002480515552583995,0.25731987568423187,-0.34787902302532103,0.42360316221078614
2,0.014177519999999999,0.22927561406932995,0.2635072245790523,0.20733570735684026,0.2551194162515796,0.20530205400444146,0.422614741025606
3,0.010737740000000023,0.2809255106587827,0.2654859251024479,0.09599014415574203,0.25593106237545404,0.25000657662481274,0.42616114389624865
4,-0.016334560000000026,-0.08510192429030639,0.2641249136474605,0.03305208809524629,0.25520731592431,0.05844950199276866,0.42347819898009453
5,0.15806114,-0.026053006194899808,0.2677134871224657,0.22650765041174026,0.2556556498166749,0.040603108377915476,0.42393140605195956
6,-0.07530806000000007,-0.036655681080581815,0.2635197708613049,0.1534804663836482,0.25713575819217455,-0.2720821824366766,0.4219653143364701
7,-0.20214647540000003,-0.0979973287092264,0.2656157091602635,0.196488509190619,0.2557238495252578,-0.07537392492881878,0.422845832512521
