key,dI,dB_X,dB_X_err,dB_Y,dB_Y_err,dB_Z,dB_Z_err
1,0.1655530132,-0.22874255927338183,0.24281088102859524,-0.25490472477651593,0.24883247763468194,-0.16169733959129173,0.27080929068150383
2,0.014177519999999999,-0.028963147111012333,0.24558229564634837,0.405543314601033,0.2491814444698333,0.1053673542007858,0.2705949113360147
3,0.010737740000000023,0.34825587636480293,0.2455887691078704,-0.02712320814682556,0.2464869271524985,-0.10338265204337427,0.2718562625457412
4,-0.016334560000000026,0.14618105372904378,0.2433307724474991,0.10788083876378352,0.25591787291072265,0.13767633815808855,0.2713785850039131
5,0.15806114,-0.06507786924587133,0.24718124259477858,0.0828595602115243,0.2483416853171263,0.02610693689194754,0.2718163480045234
6,-0.07530806000000007,0.3176307131121856,0.24377753474931335,0.11821107465440406,0.2487357223852865,-0.2736951217159964,0.27077965948730426
7,-0.20214647540000003,-0.10082217735790433,0.2461401106194056,-0.10860943960749836,0.24813795742700745,0.13174525329211217,0.2719780933426156
