key,dI,dB_X,dB_X_err,dB_Y,dB_Y_err,dB_Z,dB_Z_err
1,0.16555301320000002,0.12157708822570612,0.259885443451743,-0.002480515552583995,0.25138005379878525,-0.34787902302532103,0.4201676443635005
2,0.01417752,0.22927561406932995,0.259885443451743,0.20733570735684026,0.25138005379878525,0.20530205400444146,0.4201676443635005
3,0.010737740000000023,0.2809255106587827,0.259885443451743,0.09599014415574204,0.25138005379878525,0.25000657662481274,0.4201676443635005
4,-0.016334560000000026,-0.08510192429030639,0.259885443451743,0.03305208809524629,0.25138005379878525,0.05844950199276866,0.4201676443635005
5,0.15806114,-0.026053006194899808,0.259885443451743,0.22650765041174026,0.25138005379878525,0.04060310837791548,0.4201676443635005
6,-0.07530806000000008,-0.03665568108058182,0.259885443451743,0.1534804663836482,0.25138005379878525,-0.2720821824366766,0.4201676443635005
7,-0.20214647540000005,-0.0979973287092264,0.259885443451743,0.196488509190619,0.25138005379878525,-0.07537392492881878,0.4201676443635005
