key,dI,dB_X,dB_X_err,dB_Y,dB_Y_err,dB_Z,dB_Z_err
1,0.1655530132,-0.3749967241224166,0.33675811651221715,-0.09452912410324821,0.2461143564551065,-0.05248819612039668,0.3458514263614661
2,0.014177519999999999,0.3607246507563886,0.3365765868270408,0.27649377755601523,0.25095242774622883,0.06941598497163781,0.3469066402620233
3,0.010737740000000023,0.08752260712595472,0.3371533014021198,-0.23456146240277592,0.24399670591260628,-0.061954951604654696,0.34796050696926606
4,-0.016334560000000026,-0.14269631079058698,0.3379652895271313,-0.11616571490652738,0.24809817827629074,0.0031587805440373984,0.3465977430107636
5,0.15806114,0.32475265963015687,0.3377278709313598,0.15391712665621093,0.24430192823322683,-0.0003667492859591448,0.34766388432020634
6,-0.07530806000000007,0.09720519163466967,0.3353748811436724,0.07058022549180776,0.24616747752704962,-0.280115270082252,0.34606595322334094
7,-0.20214647540000003,-0.05677557749037021,0.33679664655595226,-0.07089687603722639,0.24351102287046672,-0.1259905320351038,0.34811012979798917
