key,dI,dB_X,dB_X_err,dB_Y,dB_Y_err,dB_Z,dB_Z_err
1,0.1655530132,0.03130617593581064,0.1580125282065923,-0.2529401432278302,0.17683518416980423,-0.20448132909292216,0.1898853687590672
2,0.014177519999999999,0.026781413989311886,0.1592654137094625,0.2767669183084269,0.1756982412556052,0.15152067605686792,0.18999524592125977
3,0.010737740000000023,0.0606673411149643,0.15786180561249027,-0.02423327305207401,0.17442556255098593,0.048424052526382155,0.1915877358784279
4,-0.016334560000000026,0.06742348065387205,0.15948392101268402,0.0348723328627667,0.17735656722090293,0.19868037137256866,0.19046741156676386
5,0.15806114,-0.001082074201207206,0.16099568010763568,0.09622794317682448,0.1744572482882449,-0.15898930430729763,0.19176302152833868
6,-0.07530806000000007,-0.04489904723186555,0.157768287537171,0.016050032608449172,0.17468707251406806,-0.015670468369629376,0.1899207271958312
7,-0.20214647540000003,0.014970277019699552,0.1604937184365468,-0.025706517197736645,0.17386421201769037,-0.03637956146609156,0.19070419361986998
