key,dI,dB_X,dB_X_err,dB_Y,dB_Y_err,dB_Z,dB_Z_err
1,0.1655530132,-0.027141232982387464,0.2292955307657934,-0.29839200991781434,0.2610078788742823,-0.23117249239263238,0.367785061515131
2,0.014177519999999999,-0.02384305024681055,0.22978727680141767,0.44819593747292785,0.26054810878199797,0.01878323883840949,0.3668147501547062
3,0.010737740000000023,0.09857334942848262,0.23255687734802818,-0.1384674697574857,0.2603911584787626,-0.47923223683076266,0.36952970396406265
4,-0.016334560000000026,-0.08666854858168271,0.23448812931541788,-0.2343995023692993,0.26454911859270225,0.09360209083682491,0.3683767722557148
5,0.15806114,-0.0023440771287663864,0.23225015967479448,0.27538948456998913,0.26136897523153046,-0.10957439613007836,0.36885292521114105
6,-0.07530806000000007,-0.3200345629629471,0.23318021318824209,-0.14115593820603856,0.26084737015419973,0.14124430169928281,0.36792927354491745
7,-0.20214647540000003,0.052770479181226904,0.23282275544632383,0.027893528525932965,0.26056339891431435,-0.10740388368262543,0.3689983041865356
