key,dI,dB_X,dB_X_err,dB_Y,dB_Y_err,dB_Z,dB_Z_err
1,0.16555301320000002,0.030537521909604237,0.15571416255952628,-0.22838434781241546,0.1763179148390102,-0.22738437668274256,0.18744093568624376
2,0.01417752,0.034921448055370334,0.15571416255952628,0.27683112170471696,0.1763179148390102,0.13595087335352218,0.18744093568624376
3,0.010737740000000023,0.024644676237517867,0.15571416255952628,-0.052799722684184765,0.1763179148390102,-0.15228428492895318,0.18744093568624376
4,-0.016334560000000026,0.11203241622026017,0.15571416255952628,-0.00856105278510455,0.1763179148390102,0.5293404640763839,0.18744093568624376
5,0.15806114,0.0076405115056754624,0.15571416255952628,0.1324607876897943,0.1763179148390102,-0.15351715278127642,0.18744093568624376
6,-0.07530806000000008,-0.05332043389358265,0.15571416255952628,0.02008951654278235,0.1763179148390102,-0.014901397566163157,0.18744093568624376
7,-0.20214647540000005,0.026813118084152883,0.15571416255952628,-0.03190952877289988,0.1763179148390102,0.012917062587519013,0.18744093568624376
