key,dI,dB_X,dB_X_err,dB_Y,dB_Y_err,dB_Z,dB_Z_err
1,0.1655530132,-0.17315815829772063,0.24996230684857845,-0.2950862357628985,0.2310890989856465,-0.27939229914315966,0.2806029707429468
2,0.014177519999999999,0.13100035838600377,0.24946634218999467,0.1937219115370752,0.23087106341462407,0.022722839232333314,0.2809738767347185
3,0.010737740000000023,0.02827225638978348,0.248919881468468,-0.13038801401734545,0.2311470065322394,0.13682585427366156,0.28306035535277435
4,-0.016334560000000026,-0.06615822051746179,0.25220020553170835,-0.027775396837608213,0.23341678349537992,0.23802351542538958,0.2812995048845063
5,0.15806114,0.09033662285620636,0.25665432534431987,0.12854390385059844,0.2283892041954402,0.06593604266111086,0.2839329627594002
6,-0.07530806000000007,-0.02247789079962459,0.24917138468088795,0.09291554195305451,0.22809448774687163,-0.0694238197151531,0.28140299036633193
7,-0.20214647540000003,0.011143521267081624,0.2516776608216538,-0.1705427243237132,0.22803492316057458,-0.13828014152918833,0.2826922379397074
