key,dI,dB_X,dB_X_err,dB_Y,dB_Y_err,dB_Z,dB_Z_err
1,0.1655530132,-0.05321408378054571,0.2593098009903385,-0.34493115234521277,0.3033442634294497,-0.21953201675737333,0.26344220083535985
2,0.014177519999999999,-0.023197635982633358,0.25872080771754113,0.446840340915708,0.3029020451698011,0.04269517953185442,0.26400108847090215
3,0.010737740000000023,-0.2506181840808992,0.25753692254583366,-0.009849946158164258,0.3005901068839527,0.23354515520007268,0.26408238906581494
4,-0.016334560000000026,0.03533832175121887,0.25858184193123057,0.04516088987367084,0.30386454218880055,0.2553572350708002,0.264960393383726
5,0.15806114,-0.0874474324439376,0.25985535994165354,0.2052648449587835,0.30342234632477894,0.07662536204916037,0.2660731565537634
6,-0.07530806000000007,0.13346947062273173,0.2576247046580407,0.019449474903641573,0.30183278804918406,0.027706162130836987,0.26320743105982
7,-0.20214647540000003,0.05582670327293826,0.25975071999333366,-0.0934657025445933,0.3007577698235164,-0.09833471609454492,0.26520291025468756
