key,dI,dB_X,dB_X_err,dB_Y,dB_Y_err,dB_Z,dB_Z_err
1,0.1655530132,-0.11063276664051713,0.30465972577372674,-0.21487843344721647,0.24950148271778,-0.3999459542320771,0.365365724233907
2,0.014177519999999999,0.036270222255843976,0.30732871325461997,0.39012803910898874,0.24775654279961692,0.10672568488463696,0.36652792506431614
3,0.010737740000000023,0.43641925195149867,0.3052770665329241,-0.14874742340393432,0.24801631194455148,0.0853491332836338,0.3692907485215735
4,-0.016334560000000026,-0.22251379539426352,0.3067309501645481,-0.19528720197696092,0.25086428355890433,0.44158560298366645,0.36644234949202126
5,0.15806114,0.189756378626047,0.3073069019618858,-0.05501567296851384,0.250183224911152,-0.15813715266193462,0.3680009738696767
6,-0.07530806000000007,-0.1937460374244484,0.30657765754678207,0.032403656526894586,0.24794075715771877,-0.0894430554638781,0.3676028812700958
7,-0.20214647540000003,0.09482831293992611,0.3073858521766773,0.25313086462590295,0.2472610152711064,-0.24400987273740604,0.3676930231721143
