key,dI,dB_X,dB_X_err,dB_Y,dB_Y_err,dB_Z,dB_Z_err
1,0.1655530132,-0.09904820032284078,0.32619024419833,-0.24225343045611236,0.24412098463609438,-0.364546817115869,0.29188941135115637
2,0.014177519999999999,-0.06413387207790322,0.32405463399940854,0.48144730378111955,0.24782316228426932,0.29729780504020553,0.29061717181799956
3,0.010737740000000023,-0.06251235454178783,0.3242137849135699,-0.18651041033169946,0.24022823381338998,-0.39630009354594264,0.292419763159778
4,-0.016334560000000026,0.27730510298837885,0.32311361992974413,-0.059008158132491495,0.24954855756643735,0.07209310579262862,0.29337114764903016
5,0.15806114,-0.1608809231976025,0.3239206794148069,0.2762926594551791,0.24029706034035464,0.018839851597860502,0.294757488389691
6,-0.07530806000000007,-0.10502056632307699,0.32287610154288376,0.03964433100773057,0.2410660994006562,-0.14202062603660437,0.29064927775544297
7,-0.20214647540000003,-0.1287954843429162,0.3239365753689624,0.19035798264156156,0.2405442986125437,-0.11321993308562028,0.2920650579261541
