key,dI,dB_X,dB_X_err,dB_Y,dB_Y_err,dB_Z,dB_Z_err
1,0.1655530132,0.030537521909604237,0.15837435990464474,-0.22838434781241546,0.1813460625889815,-0.22738437668274258,0.1899200075263663
2,0.014177519999999999,0.03492144805537034,0.1598028545405091,0.276831121704717,0.1802440627162163,0.13595087335352218,0.1899141285446072
3,0.010737740000000023,0.02464467623751787,0.15838026068514957,-0.05279972268418476,0.17884159178335546,-0.15228428492895318,0.19183478600673054
4,-0.016334560000000026,0.11203241622026017,0.15983858390568345,-0.00856105278510455,0.1822727612450172,0.5293404640763839,0.19033280156739668
5,0.15806114,0.0076405115056754624,0.16126770909234292,0.1324607876897943,0.1789002600997976,-0.15351715278127642,0.1920804517621004
6,-0.07530806000000007,-0.05332043389358265,0.15826737934385368,0.02008951654278235,0.1791339104962006,-0.014901397566163155,0.18996845633165535
7,-0.20214647540000003,0.026813118084152876,0.16086443356567848,-0.031909528772899876,0.17834337888566854,0.012917062587519013,0.19066576650574482
