key,dI,dB_X,dB_X_err,dB_Y,dB_Y_err,dB_Z,dB_Z_err
1,0.16555301320000002,-0.3749967241224166,0.3332288427760081,-0.0945291241032482,0.24012310338532986,-0.05248819612039668,0.3430913916976505
2,0.01417752,0.3607246507563886,0.3332288427760081,0.27649377755601523,0.24012310338532986,0.06941598497163781,0.3430913916976505
3,0.010737740000000023,0.08752260712595472,0.3332288427760081,-0.2345614624027759,0.24012310338532986,-0.0619549516046547,0.3430913916976505
4,-0.016334560000000026,-0.14269631079058698,0.3332288427760081,-0.11616571490652737,0.24012310338532986,0.0031587805440373984,0.3430913916976505
5,0.15806114,0.3247526596301569,0.3332288427760081,0.15391712665621093,0.24012310338532986,-0.0003667492859591448,0.3430913916976505
6,-0.07530806000000008,0.09720519163466967,0.3332288427760081,0.07058022549180776,0.24012310338532986,-0.280115270082252,0.3430913916976505
7,-0.20214647540000005,-0.05677557749037021,0.3332288427760081,-0.07089687603722639,0.24012310338532986,-0.1259905320351038,0.3430913916976505
