key,dI,dB_X,dB_X_err,dB_Y,dB_Y_err,dB_Z,dB_Z_err
1,0.1655530132,6.984765818997403,6.916836989428724,-2.7219543825267465,4.841984388238788,0.6922005282249302,6.071059911493263
2,0.014177519999999999,-4.476655689417385,6.9275470279116895,2.3770560465054587,4.887402880058356,-3.8179880508687347,6.2566696742315315
3,0.010737740000000023,2.238815119402716,6.936762681775414,-0.3403871041809907,4.8359727140437085,-4.551744182128459,6.051157050269309
4,-0.016334560000000026,7.139437612175243,6.888161271226995,0.6156640658882679,4.846570793429753,-4.470870421384461,6.100082727107528
5,0.15806114,-10.880928486600169,6.999624641945927,5.019724296922504,4.842055898446835,-0.5940425544395112,6.049284230629572
6,-0.07530806000000007,1.4072419803997036,6.858879340342388,-1.4132226291840198,4.85196869921769,3.0926900063059293,6.341289629658854
7,-0.20214647540000003,4.98518194053031,6.864756797192856,-2.881043994995707,4.834119289660737,2.587072863127105,6.118391525262863
