key,dI,dB_X,dB_X_err,dB_Y,dB_Y_err,dB_Z,dB_Z_err
1,0.1655530132,0.014918525352300094,0.15862796483386987,-0.23504182481740798,0.18416080906939136,-0.19852634664214008,0.18782973127688662
2,0.014177519999999999,0.05168520753483108,0.15990937720782736,0.26969333531470596,0.183065262094224,0.1536818224736578,0.18788909494902278
3,0.010737740000000023,0.043059254971808514,0.15909163784058433,-0.06890029974393741,0.18177914013169674,0.030999435119241525,0.18931661293656107
4,-0.016334560000000026,0.05636020438319633,0.15994089253735477,0.031208859126060418,0.18492907018099297,0.19080903008249095,0.1883797859202666
5,0.15806114,0.025172468409891735,0.16157400152644466,0.109407029673946,0.18182424502440417,-0.14047274012045818,0.19003268943779225
6,-0.07530806000000007,-0.059686682382476874,0.15865665921873953,0.023669504470142044,0.18175276240237453,-0.030758220976039752,0.18774300461239318
7,-0.20214647540000003,0.013819665493230104,0.16162136986818132,-0.046982640348709026,0.1812484651875362,-0.02908055010985322,0.1886079944848749
