key,dI,dB_X,dB_X_err,dB_Y,dB_Y_err,dB_Z,dB_Z_err
1,0.1677029436289394,0.02668014339479985,0.27815828516570795,-0.021235657825528165,0.2238401307253525,0.16663949642195153,0.2749060019336722
2,0.04649279323232322,0.05474823349753155,0.27815828516570795,-0.07900978705971085,0.2238401307253525,0.022180053406297917,0.2749060019336722
3,-0.1795046655196801,0.0950882766812553,0.27815828516570795,-0.10537673215299037,0.2238401307253525,0.172427622071893,0.2749060019336722
