key,dI,dB_X,dB_X_err,dB_Y,dB_Y_err,dB_Z,dB_Z_err
1,0.1677029436289394,-0.10874559878468482,0.32575640339540923,0.04645949899338486,0.27485415423632303,0.027310290400979653,0.3025564889947024
2,0.04649279323232322,0.057518832351961535,0.32575640339540923,-0.43391933771955904,0.27485415423632303,0.19836714615397355,0.3025564889947024
3,-0.1795046655196801,-0.18930392137129282,0.32575640339540923,-0.29159930594664774,0.27485415423632303,0.4639415587554119,0.3025564889947024
