key,dI,dB_X,dB_X_err,dB_Y,dB_Y_err,dB_Z,dB_Z_err
1,0.08240720863333334,0.4621924536870132,0.054097303239815944,0.07116579508166776,0.05565126114780921,0.5367112824718969,0.05533238101069291
2,-0.08240121150000002,0.1354642031868778,0.04583766922941029,0.005043776973591818,0.04554139428831215,-0.23181741495484687,0.06169068887761179
