key,dI,dB_X,dB_X_err,dB_Y,dB_Y_err,dB_Z,dB_Z_err
1,0.08240720863333334,3.5724566613935167,0.8601735249440827,-3.2766157444930286,0.425754856146987,0.44835535780293867,0.8081791432035879
2,-0.08240121150000002,3.4290348039357923,0.4844262967577767,-3.4553015564742964,0.4507806919435384,9.879118409007788,0.8219949720324752
