key,dI,dB_X,dB_X_err,dB_Y,dB_Y_err,dB_Z,dB_Z_err
1,0.6574731817999999,0.23433713568716508,0.2404693471736765,-0.05589775138858499,0.2439720388992704,-0.0653154973149932,0.2679225532999049
2,0.43389687500000007,0.02377903721295871,0.2404693471736765,-0.3671709228347453,0.2439720388992704,-0.062429906014688896,0.2679225532999049
3,0.2962674999999997,0.16589788405460304,0.2404693471736765,-0.09498259158607425,0.2439720388992704,0.07520093774254333,0.2679225532999049
4,0.3053847666666669,-0.03848042659357276,0.2404693471736765,-0.08737353776901102,0.2439720388992704,-0.0031636685134448506,0.2679225532999049
5,-0.19800056666666688,0.266661894839169,0.2404693471736765,-0.05120251101371309,0.2439720388992704,-0.2700240550260844,0.2679225532999049
