key,dI,dB_X,dB_X_err,dB_Y,dB_Y_err,dB_Z,dB_Z_err
1,0.6574731817999999,0.19248797070633827,0.15594786912360353,0.05368508717250364,0.1791974859780936,0.051351223684307,0.18539492555449635
2,0.43389687500000007,-0.09293613496228659,0.15594786912360353,-0.22228119966922577,0.1791974859780936,-0.0024099993915029927,0.18539492555449635
3,0.2962674999999997,0.07909183979319323,0.15594786912360353,-0.14971683629810428,0.1791974859780936,0.10444728698043093,0.18539492555449635
4,0.3053847666666669,-0.018268436047804926,0.15594786912360353,-0.025316287984225028,0.1791974859780936,-0.04536190822899755,0.18539492555449635
5,-0.19800056666666688,-0.006522824937718497,0.15594786912360353,0.0059316415345804785,0.1791974859780936,-0.03282071351533489,0.18539492555449635
