key,dI,dB_X,dB_X_err,dB_Y,dB_Y_err,dB_Z,dB_Z_err
1,0.6574731817999999,0.1935932643977658,0.25574860468075394,-0.1156930967698262,0.2990584176426723,-0.06467185131766229,0.2604203994216813
2,0.43389687500000007,-0.09682248125979953,0.25574860468075394,-0.21745768899287476,0.2990584176426723,0.10412566342435525,0.2604203994216813
3,0.2962674999999997,0.07445435997319194,0.25574860468075394,-0.4185976270573306,0.2990584176426723,0.14173747165701656,0.2604203994216813
4,0.3053847666666669,-0.047090971278912264,0.25574860468075394,-0.06604666985114527,0.2990584176426723,-0.04662964651615198,0.2604203994216813
5,-0.19800056666666688,0.0027378456631765857,0.25574860468075394,-0.18957648810090788,0.2990584176426723,-0.19217117310925147,0.2604203994216813
