key,dI,dB_X,dB_X_err,dB_Y,dB_Y_err,dB_Z,dB_Z_err
1,0.6574731817999999,0.3271147975215172,0.3024021341148683,0.09692089442923812,0.2436694100569208,0.061989556264681056,0.3633432468970251
2,0.43389687500000007,-0.04016422460053448,0.3024021341148683,-0.1361154798945039,0.2436694100569208,0.07907531802544199,0.3633432468970251
3,0.2962674999999997,0.051917842277763526,0.3024021341148683,-0.3256525229364664,0.2436694100569208,-0.010601038654410644,0.3633432468970251
4,0.3053847666666669,-0.1759639559315005,0.3024021341148683,0.07595644471594643,0.2436694100569208,-0.1823470024749092,0.3633432468970251
5,-0.19800056666666688,-0.34295968532846643,0.3024021341148683,-0.03907656669389947,0.2436694100569208,-0.23074147252575194,0.3633432468970251
