key,dI,dB_X,dB_X_err,dB_Y,dB_Y_err,dB_Z,dB_Z_err
1,0.6574731817999999,0.00029143609659598724,0.32039403380535164,-0.03761749627694755,0.2363280937238441,-0.027894232364960914,0.2868082700123229
2,0.43389687500000007,-0.10380979927278133,0.32039403380535164,-0.07299627022744781,0.2363280937238441,0.11261210359304386,0.2868082700123229
3,0.2962674999999997,-0.07628197519007074,0.32039403380535164,-0.0783672109563498,0.2363280937238441,0.3142781223177984,0.2868082700123229
4,0.3053847666666669,0.03176721984622333,0.32039403380535164,-0.09116893305073681,0.2363280937238441,-0.1535117595860278,0.2868082700123229
5,-0.19800056666666688,-0.14602376693937913,0.32039403380535164,-0.041148551084031926,0.2363280937238441,-0.21825314412642172,0.2868082700123229
