key,dI,dB_X,dB_X_err,dB_Y,dB_Y_err,dB_Z,dB_Z_err
1,0.6574731817999999,0.12121652186676357,0.2458082062142108,0.0069271357263307465,0.22566355272336766,0.1405438043945786,0.27816412343270763
2,0.43389687500000007,-0.01839051338538411,0.2458082062142108,-0.1754712074939473,0.22566355272336766,0.2249058349049573,0.27816412343270763
3,0.2962674999999997,-0.09274625236499645,0.2458082062142108,-0.13799768251300826,0.22566355272336766,0.11058137174843896,0.27816412343270763
4,0.3053847666666669,0.16297101139415915,0.2458082062142108,-0.03861672862497301,0.22566355272336766,0.203330004896503,0.27816412343270763
5,-0.19800056666666688,0.025816392058306548,0.2458082062142108,0.022190296705733914,0.22566355272336766,-0.0634902256538048,0.27816412343270763
