key,dI,dB_X,dB_X_err,dB_Y,dB_Y_err,dB_Z,dB_Z_err
1,0.6574731817999999,0.4014866873844909,0.259885443451743,0.6325039668030499,0.25138005379878525,0.32183359528340105,0.4201676443635005
2,0.43389687500000007,-0.20437619412344787,0.259885443451743,0.07593992772664393,0.25138005379878525,-0.4568453526652263,0.4201676443635005
3,0.2962674999999997,-0.37319390418129217,0.259885443451743,-0.15957673891443847,0.25138005379878525,0.14978372866680445,0.4201676443635005
4,0.3053847666666669,0.01700884528507629,0.259885443451743,0.29636972585245047,0.25138005379878525,-0.20448743258446456,0.4201676443635005
5,-0.19800056666666688,-0.1003105545537224,0.259885443451743,-0.23171520984073624,0.25138005379878525,0.16232697723662426,0.4201676443635005
