key,dI,dB_X,dB_X_err,dB_Y,dB_Y_err,dB_Z,dB_Z_err
1,0.6574731817999999,0.32500908501729775,0.2258178334925688,-0.015425208696776771,0.25605635678436145,-0.1016858777066254,0.3648596406278887
2,0.43389687500000007,-0.22468344480868474,0.2258178334925688,-0.45627299540436317,0.25605635678436145,0.03503864719822758,0.3648596406278887
3,0.2962674999999997,-0.16032913188696085,0.2258178334925688,-0.3271359097608988,0.25605635678436145,0.2943100177794413,0.3648596406278887
4,0.3053847666666669,0.006201716856223172,0.2258178334925688,0.14084640059967368,0.25605635678436145,0.06806008702544908,0.3648596406278887
5,-0.19800056666666688,0.35132594870076517,0.2258178334925688,0.05968029528266294,0.25605635678436145,0.11380648460588993,0.3648596406278887
