key,dI,dB_X,dB_X_err,dB_Y,dB_Y_err,dB_Z,dB_Z_err
1,0.6574731817999999,0.3191486614604404,0.3332288427760081,0.057708124206696354,0.24012310338532986,0.024483079292430432,0.3430913916976505
2,0.43389687500000007,-0.3705004225297355,0.3332288427760081,-0.39920012473142563,0.24012310338532986,0.20205700956118733,0.3430913916976505
3,0.2962674999999997,0.2146141856998831,0.3332288427760081,-0.3219510981800022,0.24012310338532986,0.08946071494172969,0.3430913916976505
4,0.3053847666666669,0.015168376697380026,0.3332288427760081,-0.05560987586157484,0.24012310338532986,0.0717903003446061,0.3430913916976505
5,-0.19800056666666688,0.2346334319914174,0.3332288427760081,-0.031693749129603876,0.24012310338532986,0.1153376717315382,0.3430913916976505
