key,dI,dB_X,dB_X_err,dB_Y,dB_Y_err,dB_Z,dB_Z_err
1,0.6574731817999999,6.908263302830164,6.8485348313413965,-0.31515908879373455,4.821749677226033,-8.208563826105092,6.03478229209152
2,0.43389687500000007,3.2908675450162264,6.8485348313413965,-2.0255207903901464,4.821749677226033,3.9935962844174355,6.03478229209152
3,0.2962674999999997,-0.7563159118435578,6.8485348313413965,-0.0226885204174323,4.821749677226033,-1.3079348104656674,6.03478229209152
4,0.3053847666666669,1.670805303932866,6.8485348313413965,-0.9046896013314836,4.821749677226033,2.759656702517532,6.03478229209152
5,-0.19800056666666688,7.76601228635991,6.8485348313413965,-1.6783011943261954,4.821749677226033,1.9377783054369502,6.03478229209152
