key,dI,dB_X,dB_X_err,dB_Y,dB_Y_err,dB_Z,dB_Z_err
1,0.6574731817999999,0.13738645039683917,0.15571416255952628,-0.06541110552979745,0.1763179148390102,-0.09615972402423267,0.18744093568624376
2,0.43389687500000007,-0.1717088546736818,0.15571416255952628,-0.21123590215071175,0.1763179148390102,0.09245596664959521,0.18744093568624376
3,0.2962674999999997,0.04984563177924084,0.15571416255952628,-0.1565762872481784,0.1763179148390102,0.12801367018099796,0.18744093568624376
4,0.3053847666666669,-0.03568239200170975,0.15571416255952628,-0.057541854528821546,0.1763179148390102,-0.00990376261432857,0.18744093568624376
5,-0.19800056666666688,0.03948923899758938,0.15571416255952628,0.003685668403967668,0.1763179148390102,-0.056321151292813454,0.18744093568624376
