key,dI,dB_X,dB_X_err,dB_Y,dB_Y_err,dB_Z,dB_Z_err
1,0.56235046,0.04310972925015477,0.01797810358533306,0.20327301344975401,0.01269018299053074,-0.15078651828012468,0.019377034191521324
2,0.1032263,-0.07758386619449453,0.01767844059299547,0.2115082079427264,0.012535867521925044,0.010331265987286287,0.019233144985244352
3,0.11040586000000008,-0.04860736031480428,0.017687243729041104,-0.06364614536853663,0.012431876249101356,-0.16381875183782313,0.019323199589757298
4,-0.23596860000000008,0.3421810123732598,0.018319270794668444,-0.24754123212673118,0.013018817662896457,0.14406304503257772,0.020662143326997125
5,-0.4545609280000001,-0.0015715476515651972,0.018117977484831033,-0.18342948443630824,0.01292864198161265,0.15403038077926823,0.020732932529854305
