key,dI,dB_X,dB_X_err,dB_Y,dB_Y_err,dB_Z,dB_Z_err
1,0.56235046,-0.33148252119692856,0.013022554499137664,0.09511545343524919,0.011207806650392137,-0.4205780426260848,0.021497167253861492
2,0.1032263,0.06699721764202948,0.012924233146628493,0.0900580645664828,0.011018370337433107,0.14537506123532928,0.02115525713522136
3,0.11040586000000008,-0.11188489261698464,0.013049414515431536,-0.23837730881620178,0.011104401060636773,-0.1966416936350015,0.02110754606014447
4,-0.23596860000000008,0.024860449761391124,0.013095782045400055,0.0987562287012631,0.011562875926314798,-0.3063504182364909,0.022661072339326516
5,-0.4545609280000001,0.006528082664697621,0.012985075839806105,-0.10067065300980449,0.011287531674173729,-0.1892352752580848,0.022640014698306798
