key,dI,dB_X,dB_X_err,dB_Y,dB_Y_err,dB_Z,dB_Z_err
1,0.26676736,0.20641655173361784,0.01459051811887728,0.19952408084337492,0.008903970751291063,0.28033060941334753,0.021989644364956935
2,0.023457180000000077,0.0035270669002613886,0.014695833280062416,-0.09885023180404673,0.008945258153701155,-0.19594484680694535,0.02128662066028121
3,0.09207347999999993,-0.015939893217549184,0.01502926360111025,0.09078467446790839,0.008952042372573132,0.15901180698654827,0.02131193905606143
4,0.10994563999999996,0.05301428817552534,0.014794923895077213,-0.12933430999950346,0.008793991022398463,-0.07225895364185675,0.02124788282508255
5,-0.10787117999999996,-0.17081918613974523,0.016213081140233142,0.046819531463079045,0.01005226307289914,0.547115766372805,0.02365356256670733
6,-0.08936073999999994,0.12333051639805603,0.016185179648221266,-0.16737402698485937,0.010087305972117221,-0.42984032263162675,0.023849668859402186
7,-0.39792342,0.2718926601898133,0.014596379116477036,0.13178335578548683,0.009036985572297986,0.038668551024890974,0.022145679177369607
