key,dI,dB_X,dB_X_err,dB_Y,dB_Y_err,dB_Z,dB_Z_err
1,0.06004046760000001,-3.4904736360622337,0.08992378897136108,-0.08736880659125745,0.08563858004628525,2.46756504237419,0.05604503798917362
2,-0.068068,7.063326785035315,0.08488759959063231,-2.9441274841155973,0.08023864524290475,3.645610672305338,0.05110654218276595
