key,dI,dB_X,dB_X_err,dB_Y,dB_Y_err,dB_Z,dB_Z_err
1,0.1655530132,-0.08212996662823002,0.019530742800521975,-0.20373050927510228,0.013666224690800416,-0.36105978258959226,0.022033349080547854
2,0.014177519999999999,-0.07465058494094734,0.0194326995361792,0.5133132932755937,0.01374709598251392,0.30757411971762494,0.02168477104182443
3,0.010737740000000023,-0.06608626947469531,0.01953075696258731,-0.18277520988352958,0.013400185616731347,-0.390644701104204,0.02043601307223103
4,-0.016334560000000026,0.28009970602896317,0.01973505090368869,-0.07404301384519263,0.013615467461779206,0.05650313463299739,0.0203223428748278
5,0.15806114,-0.17508223685151592,0.01994404755454944,0.2826688969658302,0.013312928356880801,0.027774495232897323,0.020158307558637213
6,-0.07530806000000007,-0.10922833211241567,0.019501105951903904,0.021792662238401928,0.013158189363919747,-0.1607875756556112,0.01924395141010916
7,-0.20214647540000003,-0.1455838221797947,0.019298847784099363,0.19972771930814837,0.013115926622391255,-0.12530994830039077,0.019196740643874586
