key,dI,dB_X,dB_X_err,dB_Y,dB_Y_err,dB_Z,dB_Z_err
1,0.1578582872373736,0.24805802788293718,0.23467106090128784,-0.1611414123402639,0.19865399561593108,0.2578534020683314,0.2407761247541213
2,-0.017893421833333367,0.026907501769173336,0.23467106090128784,0.28999293859546604,0.19865399561593108,-0.06699943261814312,0.2407761247541213
3,-0.1370514210942761,-0.009646762725850522,0.23467106090128784,0.11759005321634675,0.19865399561593108,0.08687659399592107,0.2407761247541213
