key,dI,dB_X,dB_X_err,dB_Y,dB_Y_err,dB_Z,dB_Z_err
1,0.1578582872373736,0.2261682782010137,0.33031817664664803,0.0724027990111229,0.3323049016325049,-0.15790009240047986,0.26386302304116005
2,-0.017893421833333367,-0.16107410876467654,0.33031817664664803,-0.013496324765356782,0.3323049016325049,0.1042927924803454,0.26386302304116005
3,-0.1370514210942761,-0.14561400829362725,0.33031817664664803,-0.021820936965246673,0.3323049016325049,-0.04550285383177233,0.26386302304116005
