key,dI,dB_X,dB_X_err,dB_Y,dB_Y_err,dB_Z,dB_Z_err
1,0.1578582872373736,0.14537007417553127,0.1825986992147356,0.0017173680723701068,0.14098284146244575,0.002629755683130952,0.18828613753264214
2,-0.017893421833333367,0.04175809309705869,0.1825986992147356,0.1535874007619924,0.14098284146244575,-0.033028450170704104,0.18828613753264214
3,-0.1370514210942761,-0.014489424275211604,0.1825986992147356,0.09951617366785115,0.14098284146244575,0.05515125411848487,0.18828613753264214
