key,dI,dB_X,dB_X_err,dB_Y,dB_Y_err,dB_Z,dB_Z_err
1,0.1578582872373736,-0.08748590508873377,0.3049674292336634,-0.012001151866677162,0.25272283072682217,0.01328546823024368,0.2495364875373843
2,-0.017893421833333367,-0.10795511089491328,0.3049674292336634,0.18421657903874689,0.25272283072682217,-0.03261730048535583,0.2495364875373843
3,-0.1370514210942761,-0.1494355458202321,0.3049674292336634,-0.1110454409629611,0.25272283072682217,-0.03300761592464596,0.2495364875373843
