key,dI,dB_X,dB_X_err,dB_Y,dB_Y_err,dB_Z,dB_Z_err
1,0.1578582872373736,-0.0461740103300059,0.2981709236511608,0.2888241586814999,0.2755442590876861,-0.12240146597894608,0.2612449397486718
2,-0.017893421833333367,0.21913262288845914,0.2981709236511608,0.17686177149257976,0.2755442590876861,0.22100369471806758,0.2612449397486718
3,-0.1370514210942761,0.01723968768386186,0.2981709236511608,0.24463662874846914,0.2755442590876861,-0.15659769566399007,0.2612449397486718
