key,dI,dB_X,dB_X_err,dB_Y,dB_Y_err,dB_Z,dB_Z_err
1,0.1578582872373736,0.1185834391654339,0.1829269961891008,-0.00041102234486700695,0.14086878627144267,0.00240552168319752,0.19095130902721671
2,-0.017893421833333367,0.04213910856486791,0.1829269961891008,0.1391110243737117,0.14086878627144267,-0.006111771156669832,0.19095130902721671
3,-0.1370514210942761,-0.017571195544491047,0.1829269961891008,0.09658711748818227,0.14086878627144267,0.04738022085461857,0.19095130902721671
