key,dI,dB_X,dB_X_err,dB_Y,dB_Y_err,dB_Z,dB_Z_err
1,0.1578582872373736,0.08744009968360267,0.27815828516570795,-0.01213700074464441,0.2238401307253525,-0.055015172526035716,0.2749060019336722
2,-0.017893421833333367,0.11863160867521216,0.27815828516570795,0.24194706987448455,0.2238401307253525,0.04318809539622981,0.2749060019336722
3,-0.1370514210942761,-0.14085824847180017,0.27815828516570795,-0.0442965640322015,0.2238401307253525,0.17746477306174335,0.2749060019336722
