key,dI,dB_X,dB_X_err,dB_Y,dB_Y_err,dB_Z,dB_Z_err
1,0.1578582872373736,2.9685957781912293,6.1217884044754864,-0.04343691570102237,2.5878079222056685,-1.8688697198522277,5.633539451341889
2,-0.017893421833333367,1.0475260894891107,6.1217884044754864,-1.3581405276272562,2.5878079222056685,6.208307387132663,5.633539451341889
3,-0.1370514210942761,-3.1848913955909666,6.1217884044754864,0.5793939504073933,2.5878079222056685,-2.5553915417403914,5.633539451341889
