key,dI,dB_X,dB_X_err,dB_Y,dB_Y_err,dB_Z,dB_Z_err
1,0.1578582872373736,0.32958116357096046,0.3159831973709406,-0.06840077001697065,0.24184335823990025,-0.043571866053142116,0.33809531199402315
2,-0.017893421833333367,0.2970186445273981,0.3159831973709406,0.14577406889326916,0.24184335823990025,-0.05675364499640345,0.33809531199402315
3,-0.1370514210942761,-0.00561346732587964,0.3159831973709406,0.00506682121134272,0.24184335823990025,0.022854833979627287,0.33809531199402315
