key,dI,dB_X,dB_X_err,dB_Y,dB_Y_err,dB_Z,dB_Z_err
1,0.1578582872373736,0.29017227477763186,0.3054759027562873,0.0218013443881393,0.1976110647840052,-0.1302058858678672,0.2451370291479421
2,-0.017893421833333367,0.1306462187423083,0.3054759027562873,0.12044114844625042,0.1976110647840052,-0.15692232817556473,0.2451370291479421
3,-0.1370514210942761,-0.1425655370391361,0.3054759027562873,0.0717136377909462,0.1976110647840052,-0.07385563557131647,0.2451370291479421
