key,dI,dB_X,dB_X_err,dB_Y,dB_Y_err,dB_Z,dB_Z_err
1,0.1578582872373736,-0.1357717332593591,0.32575640339540923,-0.30837857356681475,0.27485415423632303,0.13027234157652146,0.3025564889947024
2,-0.017893421833333367,0.11473361065984378,0.32575640339540923,0.026588659401037607,0.27485415423632303,-0.0501433330261527,0.3025564889947024
3,-0.1370514210942761,0.021104885028773168,0.32575640339540923,0.14990367390293358,0.27485415423632303,0.07478560078290641,0.3025564889947024
