key,dI,dB_X,dB_X_err,dB_Y,dB_Y_err,dB_Z,dB_Z_err
1,0.1578582872373736,0.12093909336116049,0.2006988256172399,-0.01057908115140549,0.14507768463129808,-0.015130333652294325,0.22501390441406646
2,-0.017893421833333367,0.030244170709369023,0.2006988256172399,0.15454171799000704,0.14507768463129808,-0.026690564641796755,0.22501390441406646
3,-0.1370514210942761,-0.024600740009420363,0.2006988256172399,0.07539085724473438,0.14507768463129808,0.09338069651997216,0.22501390441406646
