key,dI,dB_X,dB_X_err,dB_Y,dB_Y_err,dB_Z,dB_Z_err
1,0.56235046,-0.31259033302241335,0.0517613286219386,0.08881385090665894,0.052220970841096864,-0.3970370085375503,0.06900541155636762
2,0.1032263,0.0731709092787689,0.040123938225557855,0.1060300025931129,0.05172366409754311,0.11731252540118575,0.05764833793012256
3,0.11040586000000008,-0.11700617120493462,0.06355861798353186,-0.22439552579863697,0.04488556061666266,-0.18464526382823543,0.04506426098450149
4,-0.23596860000000008,0.06831567731421728,0.07600228511306636,0.09677444796902979,0.03468436381439381,-0.2936376248196524,0.06013927279487017
5,-0.4545609280000001,0.009117378744210924,0.05463466212233974,-0.09370982052385646,0.04172525735301337,-0.17411303119511246,0.04513574341131844
