key,dI,dB_X,dB_X_err,dB_Y,dB_Y_err,dB_Z,dB_Z_err
1,0.56235046,-0.017567115159796032,0.05805906973313199,0.5390788881261344,0.06234098455860005,0.16063328393590126,0.049600233457015905
2,0.1032263,0.16779665377097608,0.05925782617252263,0.19362729688760316,0.04995882450395212,-0.356724347705482,0.05398571322038505
3,0.11040586000000008,0.034563374961495086,0.06348559439275363,-0.016659671664049913,0.06871486026902132,-0.10991637006706512,0.04665265672022808
4,-0.23596860000000008,0.06948936430799968,0.06852458526564922,-0.13274421684848603,0.05165803547777581,-0.07798542846444967,0.039212865610945766
5,-0.4545609280000001,0.14826449884324155,0.05194586648599746,-0.22721415850194004,0.05599392469179804,-0.20629179804927844,0.040958899941412046
