key,dI,dB_X,dB_X_err,dB_Y,dB_Y_err,dB_Z,dB_Z_err
1,0.56235046,-1.6069906756601995,0.39524117717594226,1.8257237761645229,0.22058930798679166,-4.250701239565387,0.5775469499451668
2,0.1032263,0.10746693836699706,0.5006276870036701,-3.939316308380512,0.46909189609756313,18.263706516183447,1.3128895054115948
3,0.11040586000000008,2.6209682867047377,0.5908525374536555,-2.037272539761034,0.4442111034965402,1.8187745697796345,1.385414902827114
4,-0.23596860000000008,-1.7131849176366813,0.9929479152579386,0.5045918799223728,0.379520071341054,-3.183610767882783,0.6601901683309769
5,-0.4545609280000001,-3.9234867528721225,0.6750217513563884,3.577018480791594,0.35641360260695476,-9.47809851297643,0.8344836903427432
