key,dI,dB_X,dB_X_err,dB_Y,dB_Y_err,dB_Z,dB_Z_err
1,0.123,0.031941558409990016,0.2006988256172399,0.16855524630928187,0.14507768463129808,-0.03150058972047276,0.22501390441406646
2,0.306,-0.07593400540344497,0.2006988256172399,-0.04614926043688428,0.14507768463129808,0.05429418655289453,0.22501390441406646
3,0.041,-0.06403663017500794,0.2006988256172399,-0.21606380436030287,0.14507768463129808,-0.049835289283223005,0.22501390441406646
4,-0.352,0.06369380198813968,0.2006988256172399,-0.14931146066994927,0.14507768463129808,0.03950002312978285,0.22501390441406646
5,0.388,-0.07332138984427239,0.2006988256172399,0.04701264187278298,0.14507768463129808,-0.2018413275921347,0.22501390441406646
6,0.046,0.20742553986814904,0.2006988256172399,0.1999378023748264,0.14507768463129808,-0.05189877536918175,0.22501390441406646
7,0.104,-0.06499616772398209,0.2006988256172399,-0.047892650938401005,0.14507768463129808,0.07439601324248457,0.22501390441406646
8,-0.592,-0.0011482031804357364,0.2006988256172399,-0.09377570341791852,0.14507768463129808,0.2712630079129141,0.22501390441406646
9,-0.114,0.15193323025203842,0.2006988256172399,0.0856073323409774,0.14507768463129808,-0.0364298998086241,0.22501390441406646
