key,dI,dB_X,dB_X_err,dB_Y,dB_Y_err,dB_Z,dB_Z_err
1,0.123,-0.07983654881724345,0.27815828516570795,-0.045412083480961485,0.2238401307253525,0.15533107264607948,0.2749060019336722
2,0.306,0.16909549665961432,0.27815828516570795,-0.14044892413957655,0.2238401307253525,0.3632736409185977,0.2749060019336722
3,0.041,-0.19373475288147807,0.27815828516570795,-0.2879035308596727,0.2238401307253525,-0.25094384754284826,0.2749060019336722
4,-0.352,-0.027470543180529102,0.27815828516570795,0.1556800475918294,0.2238401307253525,-0.16059504402333258,0.2749060019336722
5,0.388,0.06023554076431559,0.27815828516570795,0.054322980261076736,0.2238401307253525,-0.004596575631424128,0.2749060019336722
6,0.046,-0.06975927752207234,0.27815828516570795,0.16955930740549266,0.2238401307253525,-0.016042160537645955,0.2749060019336722
7,0.104,-0.3748795602614887,0.27815828516570795,0.0008350114008237598,0.2238401307253525,0.27339108262425715,0.2749060019336722
8,-0.592,-0.1255604427114987,0.27815828516570795,0.0046357219490573715,0.2238401307253525,-0.07681533143163355,0.2749060019336722
9,-0.114,0.3873616551860871,0.27815828516570795,0.3744224961168001,0.2238401307253525,-0.05170596050572796,0.2749060019336722
