key,dI,dB_X,dB_X_err,dB_Y,dB_Y_err,dB_Z,dB_Z_err
1,0.123,-0.03643161222194635,0.2981709236511608,0.2628460043664527,0.2755442590876861,0.07673843132544889,0.2612449397486718
2,0.306,0.0995829018111678,0.2981709236511608,0.05682127995551101,0.2755442590876861,0.03049557156118965,0.2612449397486718
3,0.041,-0.18139751811007448,0.2981709236511608,-0.4383257838297354,0.2755442590876861,0.05285805893312201,0.2612449397486718
4,-0.352,0.01155191378472864,0.2981709236511608,-0.3101003734705441,0.2755442590876861,-0.04286985197881776,0.2612449397486718
5,0.388,-0.191492574521547,0.2981709236511608,-0.00018690644486385463,0.2755442590876861,-0.07669475864457098,0.2612449397486718
6,0.046,0.03683879657734224,0.2981709236511608,0.16942182590297927,0.2755442590876861,-0.02151933251005289,0.2612449397486718
7,0.104,-0.04721586651283617,0.2981709236511608,-0.04321328733343188,0.2755442590876861,0.1207443356217368,0.2612449397486718
8,-0.592,0.07695642403179193,0.2981709236511608,0.0625840001031932,0.2755442590876861,0.11577853070866695,0.2612449397486718
9,-0.114,0.1452252874273583,0.2981709236511608,-0.005478320432479311,0.2755442590876861,-0.058878013265768914,0.2612449397486718
