key,dI,dB_X,dB_X_err,dB_Y,dB_Y_err,dB_Z,dB_Z_err
1,0.09689825492222223,0.09460799992307044,0.3159831973709406,0.37171310619524256,0.24184335823990025,0.15124377959500634,0.33809531199402315
2,0.27754831,-0.25010864358010565,0.3159831973709406,-0.07418296528500701,0.24184335823990025,-0.0429590287718824,0.33809531199402315
3,0.03102003333333342,0.19475292876857253,0.3159831973709406,-0.22213049542384766,0.24184335823990025,0.1329224745286428,0.33809531199402315
4,-0.2566959755555556,-0.1647768724521157,0.3159831973709406,-0.02772796373173847,0.24184335823990025,-0.20784662870260284,0.33809531199402315
5,0.2293093900000001,0.0008022711631241464,0.3159831973709406,-0.02929378227308277,0.24184335823990025,-0.12591057352593182,0.33809531199402315
6,0.03897956000000025,0.3079231620616767,0.3159831973709406,0.2606567856351605,0.24184335823990025,-0.2369323344644325,0.33809531199402315
7,0.08596318999999998,-0.15679949710233032,0.3159831973709406,0.07662725542370019,0.24184335823990025,0.20165822332936575,0.33809531199402315
8,-0.3489106,0.015180480971004329,0.3159831973709406,0.08372174653376785,0.24184335823990025,0.7169305278773486,0.33809531199402315
9,-0.0744281166,0.18688328395177226,0.3159831973709406,0.0779204263940958,0.24184335823990025,0.20995987455892973,0.33809531199402315
