key,dI,dB_X,dB_X_err,dB_Y,dB_Y_err,dB_Z,dB_Z_err
1,0.123,0.032175088239171146,0.1829269961891008,0.1275788374236262,0.14086878627144267,0.011279538301662841,0.19095130902721671
2,0.306,-0.05335667004243305,0.1829269961891008,-0.10268422969792024,0.14086878627144267,0.1443725784861094,0.19095130902721671
3,0.041,-0.06128738356321151,0.1829269961891008,-0.21389895082024069,0.14086878627144267,-0.058187577389732674,0.19095130902721671
4,-0.352,0.048749354278186274,0.1829269961891008,-0.1105956160631747,0.14086878627144267,-0.06442068009829427,0.19095130902721671
5,0.388,-0.05809452742707321,0.1829269961891008,0.0010989867911561646,0.14086878627144267,-0.1027241028836574,0.19095130902721671
6,0.046,0.21143616022894207,0.1829269961891008,0.19979040723174804,0.14086878627144267,-0.035580086359724206,0.19095130902721671
7,0.104,-0.08384368618840199,0.1829269961891008,-0.08669496694929267,0.14086878627144267,0.05425254901676978,0.19095130902721671
8,-0.592,-0.013960868389972349,0.1829269961891008,0.01640845528647894,0.14086878627144267,0.15345096532559133,0.19095130902721671
9,-0.114,0.1464038669368506,0.1829269961891008,0.10298834070364647,0.14086878627144267,-0.05144906095015145,0.19095130902721671
