key,dI,dB_X,dB_X_err,dB_Y,dB_Y_err,dB_Z,dB_Z_err
1,0.09689825492222223,-0.01644188140766545,0.3054759027562873,0.05761170787532244,0.1976110647840052,0.11405364898870117,0.2451370291479421
2,0.27754831,-0.0992796951743884,0.3054759027562873,-0.09975386083981164,0.1976110647840052,0.10551132379505557,0.2451370291479421
3,0.03102003333333342,-0.28572986679042245,0.3054759027562873,-0.18757565370244225,0.1976110647840052,0.07376295565172962,0.2451370291479421
4,-0.2566959755555556,0.3585515505076664,0.3054759027562873,-0.1365109569457612,0.1976110647840052,-0.0403078785849269,0.2451370291479421
5,0.2293093900000001,-0.20708219686697404,0.3054759027562873,0.1696903482531127,0.1976110647840052,-0.000346214405692713,0.2451370291479421
6,0.03897956000000025,0.3382254243998055,0.3054759027562873,0.049348747669810684,0.1976110647840052,0.02216552790132109,0.2451370291479421
7,0.08596318999999998,-0.3289727728021816,0.3054759027562873,-0.18450272581860536,0.1976110647840052,0.08945075225897803,0.2451370291479421
8,-0.3489106,-0.013487369915898384,0.3054759027562873,-0.01655715832815119,0.1976110647840052,0.17565440662594156,0.2451370291479421
9,-0.0744281166,0.3037521396828833,0.3054759027562873,0.10220587965777027,0.1976110647840052,0.12595675327622935,0.2451370291479421
