key,dI,dB_X,dB_X_err,dB_Y,dB_Y_err,dB_Z,dB_Z_err
1,0.123,-8.778351620770989,6.1217884044754864,1.3624433310687891,2.5878079222056685,1.2503473115502857,5.633539451341889
2,0.306,-6.406465930907871,6.1217884044754864,4.040117274125805,2.5878079222056685,-6.217286642466207,5.633539451341889
3,0.041,2.812870945504983,6.1217884044754864,-1.6566981799915084,2.5878079222056685,4.881470887572505,5.633539451341889
4,-0.352,-3.299204514856683,6.1217884044754864,-0.9112941781277186,2.5878079222056685,-2.3366754445596603,5.633539451341889
5,0.388,6.2904955351987155,6.1217884044754864,-2.2441934114467585,2.5878079222056685,-1.1590761263505556,5.633539451341889
6,0.046,-4.58936785493279,6.1217884044754864,5.3406236928276485,2.5878079222056685,-12.587119948118925,5.633539451341889
7,0.104,0.43705268268240616,6.1217884044754864,2.3381479217641754,2.5878079222056685,-9.229219866450878,5.633539451341889
8,-0.592,-0.2545240143081173,6.1217884044754864,0.6721483331421041,2.5878079222056685,-3.1378959417925216,5.633539451341889
9,-0.114,4.652693922718754,6.1217884044754864,-1.181219677790068,2.5878079222056685,3.3167013519559987,5.633539451341889
