key,dI,dB_X,dB_X_err,dB_Y,dB_Y_err,dB_Z,dB_Z_err
1,0.123,0.1919090229898046,0.33031817664664803,0.15506769571368606,0.3323049016325049,-0.07464574884256693,0.26386302304116005
2,0.306,0.08898894503674447,0.33031817664664803,-0.029876845262100993,0.3323049016325049,-0.08095397406410854,0.26386302304116005
3,0.041,-0.06557304623896698,0.33031817664664803,-0.1441023337169991,0.3323049016325049,0.19018488675055067,0.26386302304116005
4,-0.352,0.07863624435141503,0.33031817664664803,-0.2561074669050454,0.3323049016325049,-0.08836783286184158,0.26386302304116005
5,0.388,0.008617169869260977,0.33031817664664803,0.039548656754371685,0.3323049016325049,-0.012915585071725744,0.26386302304116005
6,0.046,0.3784338062277648,0.33031817664664803,0.2757750979397082,0.3323049016325049,-0.09261363457199676,0.26386302304116005
7,0.104,0.01133086909924863,0.33031817664664803,-0.10584083398243216,0.3323049016325049,0.07801360258491563,0.26386302304116005
8,-0.592,0.05991743478396928,0.33031817664664803,-0.1241324562439523,0.3323049016325049,0.015906236875034452,0.26386302304116005
9,-0.114,0.03751149809162335,0.33031817664664803,0.07148217828768999,0.3323049016325049,-0.2029991202251633,0.26386302304116005
