key,dI,dB_X,dB_X_err,dB_Y,dB_Y_err,dB_Z,dB_Z_err
1,0.484,0.15376348778471186,0.33031817664664803,-0.09533353609426687,0.3323049016325049,0.1392275709155637,0.26386302304116005
2,0.136,0.26797875404079896,0.33031817664664803,0.007875814931389336,0.3323049016325049,-0.15868154609914598,0.26386302304116005
3,0.133,0.012744220608162491,0.33031817664664803,0.0620620877506397,0.3323049016325049,0.11962725536354668,0.26386302304116005
4,-0.128,0.08629398730372273,0.33031817664664803,0.04114634375350601,0.3323049016325049,0.10166164008979273,0.26386302304116005
5,-0.146,0.009324474714233588,0.33031817664664803,0.027304243721852483,0.3323049016325049,0.049941216153346346,0.26386302304116005
6,-0.461,0.2683825266327133,0.33031817664664803,0.05625994734830808,0.3323049016325049,0.6030004549104664,0.26386302304116005
