key,dI,dB_X,dB_X_err,dB_Y,dB_Y_err,dB_Z,dB_Z_err
1,0.484,4.8583896564960005,6.1217884044754864,-3.0321867777383886,2.5878079222056685,3.251118675165344,5.633539451341889
2,0.136,3.259579941877746,6.1217884044754864,1.8308264661973224,2.5878079222056685,-11.338452741678338,5.633539451341889
3,0.133,4.636091797583504,6.1217884044754864,-1.1900239573733415,2.5878079222056685,-0.8773521802504547,5.633539451341889
4,-0.128,-1.6597039414045869,6.1217884044754864,-0.6858235933395918,2.5878079222056685,12.372784062172284,5.633539451341889
5,-0.146,-2.1747031276900093,6.1217884044754864,0.5478170938295079,2.5878079222056685,3.498847616428975,5.633539451341889
6,-0.461,-4.493000334739918,6.1217884044754864,-0.5612902484936058,2.5878079222056685,1.1454219996812751,5.633539451341889
