key,dI,dB_X,dB_X_err,dB_Y,dB_Y_err,dB_Z,dB_Z_err
1,0.40646410920000003,0.1202152240388159,0.1829269961891008,0.05337699180512345,0.14086878627144267,0.05667073251717448,0.19095130902721671
2,0.07646194000000006,0.08724580645034052,0.1829269961891008,0.12532477431540912,0.14086878627144267,-0.04642987090524287,0.19095130902721671
3,0.10491910999999987,0.06888999960494857,0.1829269961891008,0.04179386930118767,0.14086878627144267,-0.1319918901781829,0.19095130902721671
4,-0.10483928999999992,-0.016554970163241478,0.1829269961891008,-0.03621144704769108,0.14086878627144267,0.03418065795843184,0.19095130902721671
5,-0.13280804363636356,0.06018235468206967,0.1829269961891008,0.028894717779841983,0.14086878627144267,-0.07772409416271131,0.19095130902721671
6,-0.25201328,0.25741976530414945,0.1829269961891008,-0.15115967708980804,0.14086878627144267,0.2792430977705536,0.19095130902721671
