key,dI,dB_X,dB_X_err,dB_Y,dB_Y_err,dB_Z,dB_Z_err
1,0.40646410920000003,-0.12612029414511028,0.3049674292336634,-0.025052161839553836,0.25272283072682217,0.12311513719704692,0.2495364875373843
2,0.07646194000000006,0.05681626681010244,0.3049674292336634,0.221501206167126,0.25272283072682217,0.08779033811791237,0.2495364875373843
3,0.10491910999999987,0.11194577631274427,0.3049674292336634,-0.09455175508843183,0.25272283072682217,-0.13639892274525778,0.2495364875373843
4,-0.10483928999999992,0.031803250670542134,0.3049674292336634,0.2285341765297915,0.25272283072682217,-0.03991050200340851,0.2495364875373843
5,-0.13280804363636356,-0.4844667213637521,0.3049674292336634,-0.19814924248137802,0.25272283072682217,0.027705705883896314,0.2495364875373843
6,-0.25201328,0.4918365815052965,0.3049674292336634,0.08594062192484841,0.25272283072682217,0.2526113905136995,0.2495364875373843
