key,dI,dB_X,dB_X_err,dB_Y,dB_Y_err,dB_Z,dB_Z_err
1,0.484,0.26076583962353794,0.2981709236511608,-0.010961706081927149,0.2755442590876861,0.03684562167896743,0.2612449397486718
2,0.136,0.08575751581731339,0.2981709236511608,0.0513219149038382,0.2755442590876861,-0.00212481024862754,0.2612449397486718
3,0.133,-0.10204394145545592,0.2981709236511608,0.291658798042552,0.2755442590876861,-0.24815639780546306,0.2612449397486718
4,-0.128,0.3186217688796873,0.2981709236511608,-0.1216435509250231,0.2755442590876861,-0.1485101609924655,0.2612449397486718
5,-0.146,0.08002731888385739,0.2981709236511608,-0.15661248741562828,0.2755442590876861,-0.15229312113278226,0.2612449397486718
6,-0.461,0.5108216592424029,0.2981709236511608,-0.2004349809591739,0.2755442590876861,0.4467341046367821,0.2612449397486718
