key,dI,dB_X,dB_X_err,dB_Y,dB_Y_err,dB_Z,dB_Z_err
1,0.06004046760000001,0.07083971283218027,0.05068664517903491,-0.02985999003959705,0.044627191128995304,0.09188698985887678,0.03872200356215798
2,-0.068068,0.09284288468180169,0.04664721052591445,-0.09060153784383829,0.040547709024349544,0.1522876460626117,0.05637184183582712
