key,dI,dB_X,dB_X_err,dB_Y,dB_Y_err,dB_Z,dB_Z_err
1,0.06004046760000001,-0.1533667571281203,0.05862743599252589,0.04631644963399939,0.057796233055705255,-0.23037742935003536,0.05945763336252697
2,-0.068068,0.07538130654001662,0.04728339196771599,-0.3650644048020917,0.046985212368812465,-0.007838398131365665,0.052365630296394065
