key,dI,dB_X,dB_X_err,dB_Y,dB_Y_err,dB_Z,dB_Z_err
1,0.06004046760000001,0.057766732451027814,0.0405548392624108,0.11555576743484863,0.037863066361723964,0.022468104036633463,0.041545491404353325
2,-0.068068,-0.0730880606241815,0.03489909449546997,-0.051588917283886815,0.033543973258243355,0.09279793439790751,0.04320558723221648
