key,dI,dB_X,dB_X_err,dB_Y,dB_Y_err,dB_Z,dB_Z_err
1,0.06004046760000001,-3.3143651844584383,1.0564688089318104,-0.18985064081061864,0.4359939509938244,2.7036663311882876,1.0819575361695162
2,-0.068068,6.952629890089156,0.5486123797470465,-2.810110445636383,0.38210957959107916,3.395455854421016,0.8016692655631625
