key,dI,dB_X,dB_X_err,dB_Y,dB_Y_err,dB_Z,dB_Z_err
1,0.1401841599404157,0.94697138122865,1.0487125737876732,-3.483994526985043,0.40941876115974385,7.9489430545363575,0.8061958214947006
2,0.24818358000000007,0.6975621200253954,1.1976168415582409,0.20214117048453772,0.5087564260023371,-0.40679940982954577,1.5051195368881416
3,-0.04662502000000013,-7.549615348558291,0.654449937705352,2.3688728676424944,0.3149476767124573,-4.156501374265645,0.8993724034045117
4,-0.03341862000000001,-2.18539127187978,0.7252905787944603,0.9083713870350039,0.36612817935067504,2.0261139326612465,0.7392722979358155
5,-0.03172754,1.3300750862981658,0.7462485908967799,0.21885622641275404,0.37136186650787384,1.4474876119638793,0.5838220472418949
6,-0.06885039999999998,-1.4498007575020893,0.7786613173112499,-0.328715293930145,0.36072422777449276,3.389314791013021,0.8395066907173344
7,-0.01860166000000002,-3.9877132239053026,0.8155512816766469,2.482736044577905,0.43007129058059984,-4.98264100169763,1.0139421302707274
8,-0.16841256652203235,-6.928080107070855,1.202342488895421,4.927415406396904,0.6384187590740299,-2.0894267843686976,1.2716182319895657
