key,dI,dB_X,dB_X_err,dB_Y,dB_Y_err,dB_Z,dB_Z_err
1,0.40539801950000004,0.32850977598619124,0.2981709236511608,-0.03934489802341634,0.2755442590876861,0.07933883196142588,0.2612449397486718
2,-0.4055300061666665,-0.03263900859550262,0.2981709236511608,0.1872430280874533,0.2755442590876861,-0.152056112668145,0.2612449397486718
