key,dI,dB_X,dB_X_err,dB_Y,dB_Y_err,dB_Z,dB_Z_err
1,0.40539801950000004,-0.20244890285916295,0.27815828516570795,-0.2600932325343095,0.2238401307253525,0.1252968055555166,0.2749060019336722
2,-0.4055300061666665,0.21308119322536623,0.27815828516570795,0.10590189038995845,0.2238401307253525,-0.0570850217619443,0.2749060019336722
