key,dI,dB_X,dB_X_err,dB_Y,dB_Y_err,dB_Z,dB_Z_err
1,0.40539801950000004,0.141899409239727,0.1829269961891008,-0.04977634855014479,0.14086878627144267,0.09419387584622818,0.19095130902721671
2,-0.4055300061666665,0.04450980111684544,0.1829269961891008,0.00534811641428945,0.14086878627144267,-0.050720723432283066,0.19095130902721671
