key,dI,dB_X,dB_X_err,dB_Y,dB_Y_err,dB_Z,dB_Z_err
1,0.40539801950000004,0.13660868416103256,0.23467106090128784,-0.056359864811579286,0.19865399561593108,0.04551385711980771,0.2407761247541213
2,-0.4055300061666665,-0.004834933036217848,0.23467106090128784,0.05437165699830793,0.19865399561593108,-0.2497700396954201,0.2407761247541213
