key,dI,dB_X,dB_X_err,dB_Y,dB_Y_err,dB_Z,dB_Z_err
1,0.40539801950000004,0.2417918814817117,0.33031817664664803,0.0004982863360636358,0.3323049016325049,0.05112281463486035,0.26386302304116005
2,-0.4055300061666665,0.17338660088461744,0.33031817664664803,-0.12192092390787312,0.3323049016325049,0.0655694095531647,0.26386302304116005
