key,dI,dB_X,dB_X_err,dB_Y,dB_Y_err,dB_Z,dB_Z_err
1,0.40539801950000004,0.2875028687644168,0.32575640339540923,-0.167181043045741,0.27485415423632303,0.076562348366771,0.3025564889947024
2,-0.4055300061666665,0.0011899914880260098,0.32575640339540923,0.027741581790381442,0.27485415423632303,-0.10586943926409731,0.3025564889947024
