key,dI,dB_X,dB_X_err,dB_Y,dB_Y_err,dB_Z,dB_Z_err
1,0.40539801950000004,0.02981128809237532,0.3049674292336634,-0.05204376717932746,0.25272283072682217,0.19138500753469856,0.2495364875373843
2,-0.4055300061666665,0.1264500939467652,0.3049674292336634,-0.02014349236340962,0.25272283072682217,-0.3115348156013056,0.2495364875373843
