key,dI,dB_X,dB_X_err,dB_Y,dB_Y_err,dB_Z,dB_Z_err
1,0.40539801950000004,-2.544236838351935,6.1217884044754864,3.8845056896752794,2.5878079222056685,-8.153221549000591,5.633539451341889
2,-0.4055300061666665,-1.8811556739965454,6.1217884044754864,-0.466212539053231,2.5878079222056685,7.894158858282026,5.633539451341889
