key,dI,dB_X,dB_X_err,dB_Y,dB_Y_err,dB_Z,dB_Z_err
1,0.40539801950000004,0.13163897072470832,0.1825986992147356,-0.08147898584695668,0.14098284146244575,0.12579246559910473,0.18828613753264214
2,-0.4055300061666665,0.0555379814780963,0.1825986992147356,0.001706520809996448,0.14098284146244575,-0.02955086204384827,0.18828613753264214
