key,dI,dB_X,dB_X_err,dB_Y,dB_Y_err,dB_Z,dB_Z_err
1,0.40539801950000004,0.10699704598908255,0.2006988256172399,-0.023567517458069176,0.14507768463129808,-0.07102410665537207,0.22501390441406646
2,-0.4055300061666665,0.03787784410373085,0.2006988256172399,-0.027121744724745156,0.14507768463129808,0.16059665499197706,0.22501390441406646
