key,dI,dB_X,dB_X_err,dB_Y,dB_Y_err,dB_Z,dB_Z_err
1,0.40539801950000004,0.24686519440014187,0.3054759027562873,-0.07430279682684215,0.1976110647840052,0.2730718390940936,0.2451370291479421
2,-0.4055300061666665,0.2111089711310985,0.3054759027562873,-0.09988599113843222,0.1976110647840052,0.0078353018027979,0.2451370291479421
