key,dI,dB_X,dB_X_err,dB_Y,dB_Y_err,dB_Z,dB_Z_err
1,0.40539801950000004,0.06192485661839697,0.3159831973709406,-0.3542844945389092,0.24184335823990025,0.20794033255259414,0.33809531199402315
2,-0.4055300061666665,0.26060769071302303,0.3159831973709406,-0.04476512226263818,0.24184335823990025,0.09315336704045407,0.33809531199402315
