key,dI,dB_X,dB_X_err,dB_Y,dB_Y_err,dB_Z,dB_Z_err
1,0.1984157453742389,0.1368621116712987,0.056923403048291236,0.047497071511811706,0.054612891570058365,-0.09513519196037734,0.05471283485445627
2,0.01880301000000001,0.2758366277775508,0.059732593441415814,0.002771696496192355,0.05679002692123415,0.07662266988166877,0.0479780263202982
3,-0.013810349999999916,0.08161904044484913,0.06333454804611488,-0.0505141917983889,0.06747209588766943,0.3887446117265938,0.04727160226119266
4,-0.21756953325696943,0.1169374484169623,0.04663663063566379,-0.0638066450667143,0.060457072449658804,-0.18081004632153608,0.047882204321291304
