key,dI,dB_X,dB_X_err,dB_Y,dB_Y_err,dB_Z,dB_Z_err
1,0.1984157453742389,0.100768798901953,0.03100359449357181,-0.03524326793308852,0.04659273133497635,-0.03824153540209352,0.05334825814857428
2,0.01880301000000001,0.1533668892393507,0.04381956547624179,-0.1129336946213444,0.04927043373183371,-0.10549800840041357,0.045725786879296536
3,-0.013810349999999916,0.02036924511398297,0.03484661983310325,-0.08619994117215413,0.03880453563983004,-0.06689027132726721,0.03488673309224364
4,-0.21756953325696943,0.054469065053325494,0.034373028819699336,0.06622671336054076,0.03220522154371995,-0.06959221320957454,0.03863371553938188
