key,dI,dB_X,dB_X_err,dB_Y,dB_Y_err,dB_Z,dB_Z_err
1,0.1984157453742389,-0.03847627235646822,0.039621519622260536,0.2270265768583002,0.058436853065248026,0.008146809188183557,0.05719360032051591
2,0.01880301000000001,-0.017223539395890164,0.05622091666566471,-0.0805627267102409,0.060717816587398096,0.034946359742060285,0.044054664825655496
3,-0.013810349999999916,-0.18922731353890754,0.04187756681066364,-0.05864754048131715,0.044910212878778624,-0.15059419819801168,0.04290905539281761
4,-0.21756953325696943,0.2817453697499168,0.05665151422008421,-0.15304543123890824,0.042842643703891126,-0.18244248499835214,0.03838532372619859
