key,dI,dB_X,dB_X_err,dB_Y,dB_Y_err,dB_Z,dB_Z_err
1,0.1572775834051852,-0.055481270184042586,0.3054759027562873,0.06938457134915943,0.1976110647840052,-0.1673993975064052,0.2451370291479421
2,-0.16615215075101009,0.408508400788266,0.3054759027562873,0.04341468356721023,0.1976110647840052,-0.002938375123093806,0.2451370291479421
