key,dI,dB_X,dB_X_err,dB_Y,dB_Y_err,dB_Z,dB_Z_err
1,0.1572775834051852,-0.1880873144713897,0.27815828516570795,-0.00016772155375832654,0.2238401307253525,0.005778176061593365,0.2749060019336722
2,-0.16615215075101009,0.3954519592371861,0.27815828516570795,0.16691422635257425,0.2238401307253525,0.05166665524479619,0.2749060019336722
