key,dI,dB_X,dB_X_err,dB_Y,dB_Y_err,dB_Z,dB_Z_err
1,0.1572775834051852,-0.07118087160972664,0.1825986992147356,-0.03847877316599124,0.14098284146244575,-0.047824662328864065,0.18828613753264214
2,-0.16615215075101009,0.11614666323302458,0.1825986992147356,0.09615595061433169,0.14098284146244575,0.04602885591418726,0.18828613753264214
