key,dI,dB_X,dB_X_err,dB_Y,dB_Y_err,dB_Z,dB_Z_err
1,0.1572775834051852,-0.06152717633025162,0.3159831973709406,0.010007636194606206,0.24184335823990025,-0.011351806987171642,0.33809531199402315
2,-0.16615215075101009,0.15057045605060537,0.3159831973709406,0.09458939020243395,0.24184335823990025,-0.22763110562148192,0.33809531199402315
