key,dI,dB_X,dB_X_err,dB_Y,dB_Y_err,dB_Z,dB_Z_err
1,0.1572775834051852,-1.048724381646025,6.1217884044754864,0.2622792081165244,2.5878079222056685,1.7691661235294305,5.633539451341889
2,-0.16615215075101009,2.764424478111323,6.1217884044754864,-1.848261333834671,2.5878079222056685,0.06907585711451247,5.633539451341889
