key,dI,dB_X,dB_X_err,dB_Y,dB_Y_err,dB_Z,dB_Z_err
1,0.1572775834051852,-0.08513858059905033,0.1829269961891008,-0.047055216230991626,0.14086878627144267,-0.02948692550616272,0.19095130902721671
2,-0.16615215075101009,0.12341899110694499,0.1829269961891008,0.10736765334914189,0.14086878627144267,0.0402744316474557,0.19095130902721671
