key,dI,dB_X,dB_X_err,dB_Y,dB_Y_err,dB_Z,dB_Z_err
1,0.1572775834051852,0.1822865487888521,0.2981709236511608,0.08577614760697228,0.2755442590876861,0.1773564360942217,0.2612449397486718
2,-0.16615215075101009,0.3855861136043046,0.2981709236511608,0.2125075045513225,0.2755442590876861,0.16122238201244699,0.2612449397486718
