key,dI,dB_X,dB_X_err,dB_Y,dB_Y_err,dB_Z,dB_Z_err
1,0.1572775834051852,-0.0981842019315895,0.33031817664664803,0.0955482483298633,0.3323049016325049,-0.23850129997675573,0.26386302304116005
2,-0.16615215075101009,0.2842905276096861,0.33031817664664803,-0.14886304944215745,0.3323049016325049,0.04904023580428962,0.26386302304116005
