key,dI,dB_X,dB_X_err,dB_Y,dB_Y_err,dB_Z,dB_Z_err
1,0.1572775834051852,-0.3063281929265891,0.32575640339540923,0.026590100087832136,0.27485415423632303,-0.06377525964295572,0.3025564889947024
2,-0.16615215075101009,0.245856287842944,0.32575640339540923,0.21963189088558854,0.27485415423632303,-0.003534862366208813,0.3025564889947024
