key,dI,dB_X,dB_X_err,dB_Y,dB_Y_err,dB_Z,dB_Z_err
1,0.1572775834051852,-0.0674730350388657,0.3049674292336634,-0.007216324913770222,0.25272283072682217,-0.14211613478124008,0.2495364875373843
2,-0.16615215075101009,0.06705358310109233,0.3049674292336634,0.10101297127034314,0.25272283072682217,0.05605440002978668,0.2495364875373843
