key,dI,dB_X,dB_X_err,dB_Y,dB_Y_err,dB_Z,dB_Z_err
1,0.1572775834051852,-0.07278536958211745,0.2006988256172399,-0.03302325615374002,0.14507768463129808,-0.05634740275302619,0.22501390441406646
2,-0.16615215075101009,0.11155777473936634,0.2006988256172399,0.10184348888984118,0.14507768463129808,0.06323103332629643,0.22501390441406646
