key,dI,dB_X,dB_X_err,dB_Y,dB_Y_err,dB_Z,dB_Z_err
1,0.16555301320000002,-0.09904820032284077,0.32039403380535164,-0.2422534304561124,0.2363280937238441,-0.36454681711586895,0.2868082700123229
2,0.01417752,-0.06413387207790322,0.32039403380535164,0.4814473037811196,0.2363280937238441,0.29729780504020553,0.2868082700123229
3,0.010737740000000023,-0.06251235454178783,0.32039403380535164,-0.18651041033169946,0.2363280937238441,-0.39630009354594253,0.2868082700123229
4,-0.016334560000000026,0.27730510298837885,0.32039403380535164,-0.0590081581324915,0.2363280937238441,0.07209310579262862,0.2868082700123229
5,0.15806114,-0.1608809231976025,0.32039403380535164,0.2762926594551791,0.2363280937238441,0.018839851597860502,0.2868082700123229
6,-0.07530806000000008,-0.105020566323077,0.32039403380535164,0.03964433100773057,0.2363280937238441,-0.14202062603660434,0.2868082700123229
7,-0.20214647540000005,-0.1287954843429162,0.32039403380535164,0.1903579826415616,0.2363280937238441,-0.11321993308562027,0.2868082700123229
