key,dI,dB_X,dB_X_err,dB_Y,dB_Y_err,dB_Z,dB_Z_err
1,0.56235046,-0.695158953099563,0.24710168167305782,-0.6808832120138391,0.24907820529961466,-0.04478522755532888,0.27256074132086144
2,0.1032263,-0.15360095161445297,0.24546585336756366,0.07887804399242526,0.24930658584914347,-0.08763142147180059,0.2727925013115532
3,0.11040586000000008,-0.005009685348134063,0.2458939166948122,-0.17980460956790267,0.2493207381966975,-0.2550042249785536,0.2711205803237181
4,-0.23596860000000008,-0.04141990365639092,0.24642130799724307,-0.06940716812185599,0.24816536436340847,0.09087097091772156,0.27337106348904233
5,-0.4545609280000001,0.4099854881274938,0.2467013755205658,0.7840813109021596,0.24757693951135568,0.2340653675594644,0.2709718196031658
