key,dI,dB_X,dB_X_err,dB_Y,dB_Y_err,dB_Z,dB_Z_err
1,0.56235046,0.06546265393949113,0.3260919836630985,0.21305131845113134,0.24382218476537576,-0.1494110336028598,0.2921260376400473
2,0.1032263,-0.05465331110464433,0.3258659382700504,0.2185125970955455,0.24146779883118497,-0.0035659664383942413,0.29112099186293333
3,0.11040586000000008,-0.07417323861015035,0.325826783410806,-0.05859867786066397,0.24114863482148424,-0.17414016922531061,0.2919885846874931
4,-0.23596860000000008,0.36457932102103996,0.326996900593052,-0.24535920211112083,0.2395091301397656,0.13256975998217868,0.2902753530842155
5,-0.4545609280000001,-0.018994944707316108,0.3249088288671082,-0.1853152354465175,0.24027734541633733,0.16229822831041574,0.2923247699509346
