key,dI,dB_X,dB_X_err,dB_Y,dB_Y_err,dB_Z,dB_Z_err
1,0.56235046,-0.031133209896665903,0.15773674701059862,-0.07997215963820103,0.17547368100522182,-0.19179603111817478,0.1902813797768653
2,0.1032263,0.12352840016947653,0.16142537253394662,0.03976000836669691,0.17504063459125,0.1744476357959348,0.1927447207590136
3,0.11040586000000008,0.09168281588779337,0.1590821685084354,-0.044324821647530044,0.17412272671789594,-0.14444160503464687,0.19043294945473835
4,-0.23596860000000008,-0.2138406732881606,0.15871487360616593,0.2627881697197143,0.17364598610048637,0.10676211293273585,0.19026174929687875
5,-0.4545609280000001,0.09581947284706871,0.158478842350473,0.1292833541674181,0.17584256005758814,0.08426887707769826,0.18951741154926713
