key,dI,dB_X,dB_X_err,dB_Y,dB_Y_err,dB_Z,dB_Z_err
1,0.56235046,-0.31259033302241335,0.3068000747358695,0.08881385090665894,0.24920234989476825,-0.3970370085375503,0.36983788595780204
2,0.1032263,0.0731709092787689,0.30505242358643075,0.1060300025931129,0.2490986126520244,0.11731252540118575,0.3678880888691263
3,0.11040586000000008,-0.11700617120493462,0.30900930186193964,-0.22439552579863697,0.24776903549346097,-0.18464526382823543,0.36612716736641077
4,-0.23596860000000008,0.06831567731421728,0.3118066677600635,0.09677444796902979,0.24612555025981567,-0.2936376248196524,0.3682866372785854
5,-0.4545609280000001,0.009117378744210924,0.3072978962219706,-0.09370982052385646,0.24721605631241472,-0.17411303119511246,0.366135972555231
