key,dI,dB_X,dB_X_err,dB_Y,dB_Y_err,dB_Z,dB_Z_err
1,0.56235046,0.22700428848731136,0.24951250565700875,0.18548202842939077,0.2306854751672988,0.07319149261416591,0.2818048309356111
2,0.1032263,0.2555737454229643,0.250107276469228,-0.09008720523589098,0.23212176117648997,-0.31510112440422766,0.28230451876710794
3,0.11040586000000008,0.023409413706684035,0.25034482651930834,-0.09583019468452392,0.22960773461127465,-0.238200711062305,0.2813344254394396
4,-0.23596860000000008,0.1425122098130025,0.2521176612323949,-0.08436820429650815,0.2307646317588734,-0.3563496674786286,0.2830528498493437
5,-0.4545609280000001,-0.135836038107918,0.2519409295177738,-0.2621562575631078,0.23131441072091236,0.09962720963005722,0.28227064345811165
