key,dI,dB_X,dB_X_err,dB_Y,dB_Y_err,dB_Z,dB_Z_err
1,0.56235046,-0.017567115159796032,0.23316206702968262,0.5390788881261344,0.26353606243817146,0.16063328393590126,0.3682156168851378
2,0.1032263,0.16779665377097608,0.2334634529984735,0.19362729688760316,0.2608845376703972,-0.356724347705482,0.36883195982862677
3,0.11040586000000008,0.034563374961495086,0.23457219489674977,-0.016659671664049913,0.265116181836325,-0.10991637006706512,0.36783016153949033
4,-0.23596860000000008,0.06948936430799968,0.2359858315855144,-0.13274421684848603,0.2612152569799539,-0.07798542846444967,0.36696076927722693
5,-0.4545609280000001,0.14826449884324155,0.2317154871135259,-0.22721415850194004,0.2621071869523439,-0.20629179804927844,0.3671514521876806
