key,dI,dB_X,dB_X_err,dB_Y,dB_Y_err,dB_Z,dB_Z_err
1,0.56235046,-0.07854426409754467,0.33758961069375665,0.4785233479902161,0.24407358751279895,0.23265223500098386,0.3479508084123751
2,0.1032263,-0.05233573839315575,0.3363178177569423,-0.04513129601039058,0.24420118521435663,-0.22779534553444591,0.3489655443929184
3,0.11040586000000008,-0.1776538970909698,0.33846772025955,-0.09131622949452368,0.2450476206484577,-0.06456707681686069,0.3460472904928418
4,-0.23596860000000008,0.08155983905670006,0.33909221530025246,-0.24814009547485827,0.24575398942227467,-0.3143703212836151,0.3504375286383947
5,-0.4545609280000001,0.4503155320079628,0.338386669158967,-0.33147564306646465,0.24448516031124373,0.013047182712178085,0.34640551370422606
