key,dI,dB_X,dB_X_err,dB_Y,dB_Y_err,dB_Z,dB_Z_err
1,0.56235046,-1.6069906756601997,6.8485348313413965,1.8257237761645229,4.821749677226033,-4.2507012395653865,6.03478229209152
2,0.1032263,0.10746693836699706,6.8485348313413965,-3.939316308380512,4.821749677226033,18.26370651618345,6.03478229209152
3,0.11040586000000008,2.6209682867047377,6.8485348313413965,-2.0372725397610343,4.821749677226033,1.8187745697796345,6.03478229209152
4,-0.2359686000000001,-1.7131849176366811,6.8485348313413965,0.5045918799223728,4.821749677226033,-3.1836107678827834,6.03478229209152
5,-0.4545609280000001,-3.9234867528721225,6.8485348313413965,3.577018480791594,4.821749677226033,-9.478098512976429,6.03478229209152
