key,dI,dB_X,dB_X_err,dB_Y,dB_Y_err,dB_Z,dB_Z_err
1,0.56235046,0.05797710386650934,0.26099624314688585,0.22140741854193458,0.30235848898387346,-0.32232080588489254,0.2673818784673377
2,0.1032263,0.05148086579990263,0.2639038955792764,-0.057053545245352666,0.30167084363117885,0.008934908665246155,0.2649454462810759
3,0.11040586000000008,-0.102258054722828,0.26183574060015513,0.17383610577379116,0.30238205440402843,-0.166906102886891,0.2635960493186359
4,-0.23596860000000008,0.2694121022423772,0.26123614939646783,-0.18321545602188927,0.3023175079827095,0.30265161527653817,0.26579813965130294
5,-0.4545609280000001,0.1444276680963128,0.2601536015920774,-0.3145141517501102,0.30240942851221725,-0.047977813401494984,0.26463898532877633
