key,dI,dB_X,dB_X_err,dB_Y,dB_Y_err,dB_Z,dB_Z_err
1,0.56235046,-0.1319022759937596,0.2668715840653189,0.08790429185265936,0.2561579044143634,-0.0048793431287492695,0.42292178044618833
2,0.1032263,-0.08212113123693854,0.2662325376028656,0.11049323455696936,0.2561709907342563,-0.05268865534885947,0.4224746193194658
3,0.11040586000000008,-0.08414012665311077,0.2642957197759128,-0.42356823710714053,0.2582541810181287,-0.3245190867577463,0.4223145809508489
4,-0.23596860000000008,0.289940908480844,0.26510538882077067,0.0959200623934855,0.2556298334279348,0.007499681242279621,0.4218621435124195
5,-0.4545609280000001,0.26105984464429355,0.2644135810919348,-0.3681182444467588,0.25421813859794756,-0.19217541253428294,0.42159163102459335
