key,dI,dB_X,dB_X_err,dB_Y,dB_Y_err,dB_Z,dB_Z_err
1,0.56235046,-1.6069906756601995,6.8599303877103415,1.8257237761645229,4.826792888930231,-4.250701239565387,6.062355795590716
2,0.1032263,0.10746693836699706,6.866808386513416,-3.939316308380512,4.844514130107761,18.263706516183447,6.175943342224027
3,0.11040586000000008,2.6209682867047377,6.873975273239769,-2.037272539761034,4.842168259602197,1.8187745697796345,6.191766449561614
4,-0.23596860000000008,-1.7131849176366813,6.920142693507947,0.5045918799223728,4.836662633922287,-3.183610767882783,6.070786470573831
5,-0.4545609280000001,-3.9234867528721225,6.881720983947299,3.577018480791594,4.834904405048007,-9.47809851297643,6.09220488348754
