key,dI,dB_X,dB_X_err,dB_Y,dB_Y_err,dB_Z,dB_Z_err
1,0.56235046,-0.0202200326300499,0.15852709872380555,-0.09135444854678099,0.18293357434955057,-0.18794938054381305,0.18837622639977206
2,0.1032263,0.11840450019624882,0.16157506619661113,0.016378128584577212,0.18237457889562314,0.1374405937033174,0.19106403283052115
3,0.11040586000000008,0.08951279304997684,0.15947574912171633,-0.0386993838384555,0.18165988681038994,-0.15213649305523802,0.18826151345108483
4,-0.23596860000000008,-0.21200820837188417,0.1593005605738171,0.25379229703039385,0.1809942005479337,0.10907652610401897,0.188191096087459
5,-0.4545609280000001,0.108109996483023,0.1590172965057454,0.1525595046482735,0.18317915843572108,0.09937892679124616,0.18740490598440457
