key,dI,dB_X,dB_X_err,dB_Y,dB_Y_err,dB_Z,dB_Z_err
1,0.56235046,-0.0202200326300499,0.15594786912360353,-0.091354448546781,0.1791974859780936,-0.18794938054381305,0.18539492555449635
2,0.1032263,0.11840450019624882,0.15594786912360353,0.016378128584577212,0.1791974859780936,0.1374405937033174,0.18539492555449635
3,0.11040586000000008,0.08951279304997684,0.15594786912360353,-0.0386993838384555,0.1791974859780936,-0.15213649305523802,0.18539492555449635
4,-0.2359686000000001,-0.21200820837188414,0.15594786912360353,0.25379229703039385,0.1791974859780936,0.10907652610401897,0.18539492555449635
5,-0.4545609280000001,0.10810999648302302,0.15594786912360353,0.1525595046482735,0.1791974859780936,0.09937892679124616,0.18539492555449635
