key,dI,dB_X,dB_X_err,dB_Y,dB_Y_err,dB_Z,dB_Z_err
1,0.56235046,0.22700428848731136,0.2458082062142108,0.1854820284293908,0.22566355272336766,0.07319149261416591,0.27816412343270763
2,0.1032263,0.2555737454229643,0.2458082062142108,-0.09008720523589098,0.22566355272336766,-0.3151011244042277,0.27816412343270763
3,0.11040586000000008,0.023409413706684038,0.2458082062142108,-0.09583019468452393,0.22566355272336766,-0.238200711062305,0.27816412343270763
4,-0.2359686000000001,0.1425122098130025,0.2458082062142108,-0.08436820429650815,0.22566355272336766,-0.3563496674786286,0.27816412343270763
5,-0.4545609280000001,-0.13583603810791803,0.2458082062142108,-0.2621562575631078,0.22566355272336766,0.09962720963005722,0.27816412343270763
