key,dI,dB_X,dB_X_err,dB_Y,dB_Y_err,dB_Z,dB_Z_err
1,0.56235046,-1.590027057856787,0.08511024980257843,1.8142708822488203,0.08915183729798667,-4.203671772847883,0.07256176751514591
2,0.1032263,0.10148641772684641,0.0737802430030349,-3.927417143022467,0.09465408095209545,18.03477523062611,0.09013502861833918
3,0.11040586000000008,2.526607933570631,0.0753076914273439,-1.9216450786989299,0.09190396315090471,1.403278125275392,0.08191013856894713
4,-0.23596860000000008,-1.94319373666076,0.08733588007555868,0.6189667850849219,0.09202775990285893,-3.33215409622062,0.06688095123022945
5,-0.4545609280000001,-3.964730899882852,0.08031670491805544,3.5594757746657706,0.09040713822236462,-9.43434433452785,0.07256582011179566
