key,dI,dB_X,dB_X_err,dB_Y,dB_Y_err,dB_Z,dB_Z_err
1,0.56235046,0.056748753084139736,0.013777278461018219,0.22774038164877197,0.014069215217315278,-0.3441744118510712,0.023805810009882182
2,0.1032263,0.03079829072033391,0.013769342759876537,-0.05413483275018649,0.0140046602151942,0.0213338004787218,0.022982399853547785
3,0.11040586000000008,-0.08889966665777038,0.013729511671899319,0.17615037618751117,0.01402243045554119,-0.17091698108591658,0.02304240392999192
4,-0.23596860000000008,0.26605352470200927,0.013540886701202352,-0.18453391485407522,0.014340581085886137,0.320508434162992,0.024067591143959812
5,-0.4545609280000001,0.1437090391716218,0.013629692993631095,-0.31925594454473405,0.014427021670066103,-0.08007336446239677,0.023962414974843006
