key,dI,dB_X,dB_X_err,dB_Y,dB_Y_err,dB_Z,dB_Z_err
1,0.56235046,-0.028031279788194752,0.012527148230022591,-0.07518908256396983,0.010260371696972796,-0.19986826115337308,0.020395007378892556
2,0.1032263,0.1314071063146116,0.012516477656871472,0.03812011221511469,0.010320705823149177,0.1746412655553753,0.019198237548610896
3,0.11040586000000008,0.09302025683538773,0.012486188548430567,-0.036967007950533315,0.01032758498307411,-0.144677387748823,0.019014606529834426
4,-0.23596860000000008,-0.20890410134597914,0.012401408578337438,0.2638045199371266,0.010247305439657668,0.1078234113128751,0.020195963662939687
5,-0.4545609280000001,0.0852236569367335,0.012675718845697596,0.1155242615193206,0.010242751592219221,0.08717610141732823,0.01995952337286498
