key,dI,dB_X,dB_X_err,dB_Y,dB_Y_err,dB_Z,dB_Z_err
1,0.56235046,-0.08254398238506155,0.018714386571770342,0.47844534235983516,0.017536457538884463,0.2175591050653054,0.021637991738399445
2,0.1032263,-0.05563699552565993,0.018664822050128045,-0.04320609621986826,0.017244527735111124,-0.22171502046358782,0.021611033643304307
3,0.11040586000000008,-0.16616242007319215,0.018656209256026277,-0.08482826474415135,0.017233346362534402,-0.07905476573416692,0.02162209436260506
4,-0.23596860000000008,0.07062394683367401,0.018329797645873593,-0.24779391923069158,0.017591643019897293,-0.2942010736238281,0.02318491070407664
5,-0.4545609280000001,0.4466875393568941,0.018543798968231807,-0.3105472032546952,0.017788197032472895,0.012032643778940866,0.02325197751218642
