key,dI,dB_X,dB_X_err,dB_Y,dB_Y_err,dB_Z,dB_Z_err
1,0.26676736,-0.0016660834990895879,0.018547441684176606,0.11327725602675542,0.013269146289084925,0.11164849948941935,0.013304445295109532
2,0.023457180000000077,-0.020402608382728005,0.01840994656716623,-0.04719407362162542,0.013177690051194714,-0.10739128331822201,0.012867765139239234
3,0.09207347999999993,0.052088672173140615,0.018728347311696363,0.19095879567341711,0.013292397436534471,-0.04735319647447511,0.012821691872867743
4,0.10994563999999996,-0.018445567527536788,0.018526664642187808,-0.19433171907339641,0.013288762880836105,-0.03855726653952729,0.012780414817645868
5,-0.10787117999999996,-0.033488482074353065,0.020533248644917554,-0.024290467873889554,0.014986203814338234,0.19892045377965673,0.014310630164518638
6,-0.08936073999999994,0.020287619439232962,0.02053088864135425,-0.12191149101997922,0.015085387907464559,-0.16757089233205846,0.014395269692241886
7,-0.39792342,0.008476645136353156,0.018646041111322283,-0.006385551286520297,0.013782545120448911,0.042098685825308735,0.013425220476467485
