key,dI,dB_X,dB_X_err,dB_Y,dB_Y_err,dB_Z,dB_Z_err
1,0.26676736,-0.40350557446375745,0.01869815787606488,0.11123780241134495,0.012821134994837946,0.009634482256100085,0.02040252260633156
2,0.023457180000000077,0.11006843088181029,0.0184711655355051,-0.01794431406208785,0.01276545749634949,-0.17204196666613214,0.019806241498100893
3,0.09207347999999993,-0.07802936823428297,0.018447894407899932,0.20749224253979248,0.012816822407522457,-0.04415835956220704,0.019659667913477754
4,0.10994563999999996,-0.05527317308762747,0.018686742413316918,-0.1745899253233234,0.012843151860384084,-0.046043229961963306,0.019599665238178444
5,-0.10787117999999996,-0.2625199346845406,0.020983230873835728,0.2777541900478582,0.014406414084707537,0.035503247058933596,0.021864927237769474
6,-0.08936073999999994,0.2617105318072248,0.020961985461445197,-0.22784499835872163,0.014499106585536145,-0.41242283970364824,0.022024589125352944
7,-0.39792342,0.02358323531505846,0.0188512008162674,-0.15640990235421715,0.013010688583608807,0.026596297703328275,0.020566632775564937
