key,dI,dB_X,dB_X_err,dB_Y,dB_Y_err,dB_Z,dB_Z_err
1,0.26676736,-0.01517946341152765,0.012284400046418646,0.1032773769341162,0.010129014421735017,0.13985407998846178,0.02049627790877123
2,0.023457180000000077,-0.02160926185013068,0.012383435256931787,-0.0627917723998408,0.010151615930702164,-0.10015822121535578,0.019842722468077632
3,0.09207347999999993,0.03383994505085752,0.01264423320917291,0.1983283674938221,0.010250896952467189,-0.011490676573330028,0.019705554107416052
4,0.10994563999999996,-0.012077788844607085,0.012433744306501232,-0.2038545087211574,0.010176677431986093,0.00714800521634551,0.019641688854435378
5,-0.10787117999999996,-0.000263464107007394,0.013644892825145968,-0.0050936894283175604,0.01156719713978426,0.1374392526652617,0.021944434737191862
6,-0.08936073999999994,0.006912151647185283,0.01360951848591823,-0.15149138183305944,0.011636532158477491,-0.22517128273086673,0.02212922267397273
7,-0.39792342,0.027946204778629635,0.01222972620062001,0.01746013194305185,0.010596519880806432,0.014084641742012849,0.020682919326018626
