key,dI,dB_X,dB_X_err,dB_Y,dB_Y_err,dB_Z,dB_Z_err
1,0.26676736,-0.018866455188572218,0.012205128815370577,0.09070502712339135,0.009864269662272652,0.11980987252123043,0.020282223704746177
2,0.023457180000000077,-0.015553577913607342,0.012307703383963016,-0.056120929710992584,0.00989809856817155,-0.10669647884870415,0.019629356059318644
3,0.09207347999999993,0.043954697781487084,0.012570353229485957,0.21308176091379494,0.009997688771583519,0.008994388226028605,0.01950411354944332
4,0.10994563999999996,-0.02046118933071739,0.012366506546971148,-0.21254807202463155,0.009894072813779018,0.009282196287273337,0.01945859199948967
5,-0.10787117999999996,-0.011786395315311893,0.013596269875059184,-0.01527573682757577,0.011258292263209714,0.15560124785541518,0.02174271251820482
6,-0.08936073999999994,0.028437058662348136,0.013564773205940003,-0.12965423882323535,0.011318044051903248,-0.21430637991694823,0.02191792998905515
7,-0.39792342,0.01723948547805776,0.012193026779431794,-0.0012390060791744872,0.010305283111544454,0.02294915343109949,0.020483461220290742
