key,dI,dB_X,dB_X_err,dB_Y,dB_Y_err,dB_Z,dB_Z_err
1,0.26676736,-4.125042078841943,0.08113215277319293,0.4177620222690166,0.09026576862240764,5.712558559607714,0.07017231106966113
2,0.023457180000000077,-0.07130049062834587,0.08209085352839851,-0.03661871036456432,0.09295890822110357,-3.699585151858628,0.06755897776154027
3,0.09207347999999993,-0.9526512148731854,0.08280933008580123,0.7265768910729093,0.0915335974267682,-3.9693836541846395,0.07845882045981235
4,0.10994563999999996,0.9038895198900718,0.09559711368168107,-0.42716033670149045,0.09115497219706499,-0.2261268047732301,0.0781828992693616
5,-0.10787117999999996,-5.757768356517772,0.1035369792583167,2.1057677136122948,0.0989788766544236,-0.13785854069283232,0.07589743086713105
6,-0.08936073999999994,-2.56950498878723,0.09799373493310923,2.6154193516777013,0.09683224774755918,-5.04376007366227,0.07171897982092386
7,-0.39792342,-0.6746837253595004,0.09753052511602574,1.1313663159889984,0.08823368925609187,0.47454453993123025,0.07838702307861026
