key,dI,dB_X,dB_X_err,dB_Y,dB_Y_err,dB_Z,dB_Z_err
1,0.06004046760000001,-0.08578285114934658,0.014137196630052534,0.012212351144009759,0.012106504319945402,0.12242890900487424,0.021380575911939485
2,-0.068068,-0.06110312936857554,0.014320784249203161,-0.08628517503422017,0.012106876517397554,0.034455047127888605,0.021787492111712176
