key,dI,dB_X,dB_X_err,dB_Y,dB_Y_err,dB_Z,dB_Z_err
1,0.06004046760000001,0.04938437311058497,0.019698558441741513,-0.04977605160521392,0.019258178734656933,0.0847354716479427,0.02275117002707545
2,-0.068068,0.0869565179933458,0.019505563949539655,-0.0970425880835819,0.018837003439439514,0.14894338866340417,0.02324389061165262
