key,dI,dB_X,dB_X_err,dB_Y,dB_Y_err,dB_Z,dB_Z_err
1,0.06004046760000001,0.025946619915032443,0.012436820374254599,0.0944891136687076,0.010600653840750623,0.02168276103493838,0.02138210865138414
2,-0.068068,-0.08072456372488546,0.0126114162470097,-0.09666726072806142,0.010591817486087472,0.07107731805005812,0.02200832142424565
