key,dI,dB_X,dB_X_err,dB_Y,dB_Y_err,dB_Z,dB_Z_err
1,0.06004046760000001,0.09663336045928617,0.018339377789750647,-0.06859779958288836,0.013290540988691651,-0.16698818736005805,0.021174776707612055
2,-0.068068,-0.06375064665687802,0.019799679314909724,-0.21532176850807971,0.013692148034338129,0.10769848944721616,0.02209532633667974
