key,dI,dB_X,dB_X_err,dB_Y,dB_Y_err,dB_Z,dB_Z_err
1,0.1655530132,-0.05051460862181045,0.013846867350583466,-0.32543530085464667,0.014653145078055875,-0.22655162088810954,0.024248494254646855
2,0.014177519999999999,-0.02299839169566198,0.013841702886450355,0.4551386419388379,0.014755770560192347,0.05067305337647454,0.02423560349025186
3,0.010737740000000023,-0.24561225933512887,0.01367569250542139,-0.0019695509947403878,0.014400127372948913,0.23132314720869473,0.02317139544839484
4,-0.016334560000000026,0.028948216014931916,0.013892014205542523,0.03599515315119639,0.01435006385186239,0.23712931352089228,0.02402162219867547
5,0.15806114,-0.10171418313180425,0.013966647784519687,0.19577274788900745,0.014215756016961685,0.09026274562104675,0.02343557991098979
6,-0.07530806000000007,0.13687924434684362,0.014063354387868853,0.004620616516106679,0.014111569262519394,0.02354782750683526,0.023871988961338787
7,-0.20214647540000003,0.06076112152438995,0.013978152955135166,-0.09710656635688686,0.014238387353622747,-0.10546598534627805,0.02357622239783477
