key,dI,dB_X,dB_X_err,dB_Y,dB_Y_err,dB_Z,dB_Z_err
1,0.08240720863333334,0.28172017432127205,0.3351320598404097,-0.23915021901088362,0.3364208682245494,-0.11273454846692488,0.2674474526844546
2,-0.08240121150000002,-0.05228549490990275,0.33513694161064234,-0.0004325025182119191,0.33506609055340547,-0.1563120326416101,0.2688960058020388
