key,dI,dB_X,dB_X_err,dB_Y,dB_Y_err,dB_Z,dB_Z_err
1,0.08240720863333334,3.5724566613935167,6.181924600169863,-3.2766157444930286,2.62259738422868,0.44835535786114633,5.691214306045269
2,-0.08240121150000002,3.4290348039357923,6.140925183240776,-3.4553015564742964,2.6267761751735392,9.879118409007788,5.6931926441913365
