key,dI,dB_X,dB_X_err,dB_Y,dB_Y_err,dB_Z,dB_Z_err
1,0.08240720863333334,-0.01679307520693385,0.3106363535796235,0.35314717684930486,0.25631941968832134,0.31495041278699176,0.25444030776009313
2,-0.08240121150000002,-0.12179136634218679,0.30808050577984125,0.07432963677916149,0.2566656645518027,-0.04472416318405692,0.25362348741285806
