key,dI,dB_X,dB_X_err,dB_Y,dB_Y_err,dB_Z,dB_Z_err
1,0.08240720863333334,0.10885537949275115,0.2848615228359061,-0.019161069024995925,0.22764277067348007,0.1903244848729695,0.2789977563413758
2,-0.08240121150000002,0.0007421497891222373,0.2808035576668983,-0.18005062294624707,0.2306919618900931,0.20045994730844208,0.27855473540591985
