key,dI,dB_X,dB_X_err,dB_Y,dB_Y_err,dB_Z,dB_Z_err
1,0.08240720863333334,0.10493024380975768,0.2422977951007192,-0.056369094156213606,0.2048784413563346,0.23714485196616408,0.2471991266785609
2,-0.08240121150000002,-0.20144833569483822,0.23713138161614145,0.004509203449106991,0.20306165381071592,-0.18854223748724763,0.2454434040656684
