key,dI,dB_X,dB_X_err,dB_Y,dB_Y_err,dB_Z,dB_Z_err
1,0.08240720863333334,0.15138594751638834,0.3139624578651889,-0.045458534724250654,0.20316026606019844,0.004050499245012773,0.24938762878889237
2,-0.08240121150000002,0.05176709493209941,0.3081723875764284,-0.04399848803189599,0.20284932481103993,-0.061422791492724116,0.2513197971152452
