key,dI,dB_X,dB_X_err,dB_Y,dB_Y_err,dB_Z,dB_Z_err
1,0.08240720863333334,0.15356913369743097,0.18878858703737322,-0.013504567130500078,0.144857387984906,0.1302861094454144,0.19427945821198633
2,-0.08240121150000002,0.03180774288608745,0.18577623593873854,-0.03360380002172114,0.1440362212573442,-0.03131742971655527,0.19523754998559031
