key,dI,dB_X,dB_X_err,dB_Y,dB_Y_err,dB_Z,dB_Z_err
1,0.08240720863333334,0.18869160370893834,0.20578129249467408,-0.0078324979809139,0.14884025769075376,0.11874164830677358,0.22774769479324997
2,-0.08240121150000002,0.03614245191828136,0.20312347543603942,-0.02793586201396181,0.14828655353536205,-0.031969008149545175,0.22865582917823554
