key,dI,dB_X,dB_X_err,dB_Y,dB_Y_err,dB_Z,dB_Z_err
1,0.08240720863333334,0.15660835454190192,0.18850950729601273,-0.010509068147868561,0.14501234113223874,0.1208434006046133,0.1915766187529358
2,-0.08240121150000002,0.041882969069462206,0.18529504888372475,-0.022253287382575593,0.14426345618865857,-0.029518863063898948,0.19247102991191697
