key,dI,dB_X,dB_X_err,dB_Y,dB_Y_err,dB_Z,dB_Z_err
1,0.08240720863333334,0.4621924536870132,0.32058056590907597,0.07116579508166776,0.24816380234049926,0.5367112824718987,0.3425932170674842
2,-0.08240121150000002,0.1354642031868778,0.3192905775953115,0.005043776973591818,0.2460939424660352,-0.23181741495484687,0.34367743755814134
