key,dI,dB_X,dB_X_err,dB_Y,dB_Y_err,dB_Z,dB_Z_err
1,0.08240720863333334,0.25634936201291225,0.3031931381737268,-0.03793799065045267,0.2797047757978074,0.06201736866783847,0.2673789738023526
2,-0.08240121150000002,-0.25100637350875843,0.30439808831103743,-0.09571468220570267,0.2790238959012779,-0.4233240172465287,0.26829945881064204
