key,dI,dB_X,dB_X_err,dB_Y,dB_Y_err,dB_Z,dB_Z_err
1,0.08240720863333334,0.29132510521193566,0.33108635393114255,-0.365595365908999,0.2765994320542471,0.1365233371061194,0.30608068880453904
2,-0.08240121150000002,0.12963338360305166,0.33009785943997294,0.05201341313969143,0.2781021654118172,-0.11776983573458111,0.30745045597878506
