key,dI,dB_X,dB_X_err,dB_Y,dB_Y_err,dB_Z,dB_Z_err
1,0.114,-0.16859467703386954,0.3024021341148683,0.267810970604252,0.2436694100569208,-0.2770305759067249,0.3633432468970251
2,-0.114,-0.18252449203468046,0.3024021341148683,-0.2373282012523221,0.2436694100569208,0.06982404598907442,0.3633432468970251
