key,dI,dB_X,dB_X_err,dB_Y,dB_Y_err,dB_Z,dB_Z_err
1,0.114,0.05028276387153596,0.15528773989508066,0.0977511266908877,0.17174097512300546,0.02956129627094395,0.18748117367991526
2,-0.114,-0.06715626234614548,0.15528773989508066,-0.04661642551300815,0.17174097512300546,0.09810320265500484,0.18748117367991526
