key,dI,dB_X,dB_X_err,dB_Y,dB_Y_err,dB_Z,dB_Z_err
1,0.106,0.07083971283218027,0.2404693471736765,-0.02985999003959705,0.2439720388992704,0.09188698985887678,0.2679225532999049
2,-0.113,0.09284288468180167,0.2404693471736765,-0.09060153784383827,0.2439720388992704,0.1522876460626117,0.2679225532999049
