key,dI,dB_X,dB_X_err,dB_Y,dB_Y_err,dB_Z,dB_Z_err
1,0.114,0.057766732451027814,0.15571416255952628,0.11555576743484865,0.1763179148390102,0.022468104036633463,0.18744093568624376
2,-0.114,-0.0730880606241815,0.15571416255952628,-0.05158891728388682,0.1763179148390102,0.09279793439790752,0.18744093568624376
