key,dI,dB_X,dB_X_err,dB_Y,dB_Y_err,dB_Z,dB_Z_err
1,0.114,-0.07579236609098318,0.2458082062142108,0.0314922242932667,0.2256635527233677,0.13129768121598495,0.27816412343270763
2,-0.114,-0.033863609722988734,0.2458082062142108,-0.07814855551625577,0.2256635527233677,0.034560841476663384,0.27816412343270763
