key,dI,dB_X,dB_X_err,dB_Y,dB_Y_err,dB_Z,dB_Z_err
1,0.114,0.2355742775612235,0.3332288427760081,0.13575816790022788,0.24012310338532986,-0.21027979269282326,0.3430913916976505
2,-0.114,-0.229548673565974,0.3332288427760081,-0.035910753079420266,0.24012310338532986,0.14240553611685058,0.3430913916976505
