key,dI,dB_X,dB_X_err,dB_Y,dB_Y_err,dB_Z,dB_Z_err
1,0.106,-0.03338152225230573,0.259885443451743,0.19154562094321287,0.25138005379878525,-0.06812616749181187,0.4201676443635005
2,-0.113,-0.3099879429526382,0.259885443451743,-0.13741550459425156,0.25138005379878525,0.024711460469937663,0.4201676443635005
