key,dI,dB_X,dB_X_err,dB_Y,dB_Y_err,dB_Z,dB_Z_err
1,0.114,0.1184228810725898,0.32039403380535164,-0.04394751809590991,0.2363280937238441,-0.15471213267873551,0.2868082700123229
2,-0.114,-0.07326655578419405,0.32039403380535164,-0.20555161666362126,0.2363280937238441,0.12520730436039074,0.2868082700123229
