key,dI,dB_X,dB_X_err,dB_Y,dB_Y_err,dB_Z,dB_Z_err
1,0.106,0.035970206595635545,0.15594786912360353,0.1022675543031326,0.1791974859780936,0.02748436803990728,0.18539492555449635
2,-0.113,-0.0790843450347154,0.15594786912360353,-0.08585228348716356,0.1791974859780936,0.07369198197571336,0.18539492555449635
