key,dI,dB_X,dB_X_err,dB_Y,dB_Y_err,dB_Z,dB_Z_err
1,0.4064641092,0.14567718830342002,0.04712989080137763,0.027818653041251196,0.041179208637091395,0.33119028329074407,0.045040648153723634
2,0.07646194000000006,-0.192336724153801,0.04761160980254813,0.46540191516822205,0.050421403512763474,0.14149199115528255,0.05503439363161623
3,0.10491910999999987,0.17610548854773977,0.05211050344332221,-0.08776793245324654,0.043814177069787116,-0.35099879161765335,0.04646195384248991
4,-0.10483928999999992,0.12859871127607292,0.04387437278145017,0.09291672712196686,0.0699988895569817,-0.10939123382679017,0.05261653139347961
5,-0.13280804363636356,0.2420630648467208,0.05612396972997077,-0.1989519880202053,0.04214136439406917,-0.19841705951832833,0.03546236901317548
6,-0.25201328,-0.014057670544485035,0.0410789246404808,-0.13672538740637918,0.050332651099550325,0.3285496760621234,0.04610266483059959
