key,dI,dB_X,dB_X_err,dB_Y,dB_Y_err,dB_Z,dB_Z_err
1,0.192,-0.22874255927338186,0.2404693471736765,-0.25490472477651593,0.2439720388992704,-0.16169733959129173,0.2679225532999049
2,0.01,-0.028963147111012333,0.2404693471736765,0.4055433146010329,0.2439720388992704,0.1053673542007858,0.2679225532999049
3,0.019,0.3482558763648029,0.2404693471736765,-0.027123208146825558,0.2439720388992704,-0.10338265204337428,0.2679225532999049
4,-0.018,0.14618105372904378,0.2404693471736765,0.10788083876378353,0.2439720388992704,0.13767633815808855,0.2679225532999049
5,0.132,-0.06507786924587132,0.2404693471736765,0.0828595602115243,0.2439720388992704,0.02610693689194754,0.2679225532999049
6,-0.122,0.3176307131121856,0.2404693471736765,0.11821107465440404,0.2439720388992704,-0.2736951217159964,0.2679225532999049
7,-0.206,-0.10082217735790433,0.2404693471736765,-0.10860943960749836,0.2439720388992704,0.13174525329211215,0.2679225532999049
