key,dI,dB_X,dB_X_err,dB_Y,dB_Y_err,dB_Z,dB_Z_err
1,0.186,0.031306175935810636,0.15528773989508066,-0.2529401432278302,0.17174097512300546,-0.20448132909292216,0.18748117367991526
2,0.01,0.026781413989311886,0.15528773989508066,0.2767669183084269,0.17174097512300546,0.15152067605686792,0.18748117367991526
3,0.017,0.0606673411149643,0.15528773989508066,-0.024233273052074008,0.17174097512300546,0.04842405252638216,0.18748117367991526
4,-0.017,0.06742348065387205,0.15528773989508066,0.0348723328627667,0.17174097512300546,0.19868037137256864,0.18748117367991526
5,0.132,-0.001082074201207206,0.15528773989508066,0.09622794317682447,0.17174097512300546,-0.15898930430729766,0.18748117367991526
6,-0.113,-0.04489904723186555,0.15528773989508066,0.016050032608449172,0.17174097512300546,-0.015670468369629376,0.18748117367991526
7,-0.206,0.014970277019699553,0.15528773989508066,-0.025706517197736645,0.17174097512300546,-0.036379561466091566,0.18748117367991526
