key,dI,dB_X,dB_X_err,dB_Y,dB_Y_err,dB_Z,dB_Z_err
1,0.192,-0.11063276664051712,0.3024021341148683,-0.21487843344721647,0.2436694100569208,-0.3999459542320771,0.3633432468970251
2,0.01,0.036270222255843976,0.3024021341148683,0.3901280391089888,0.2436694100569208,0.10672568488463696,0.3633432468970251
3,0.019,0.43641925195149867,0.3024021341148683,-0.14874742340393432,0.2436694100569208,0.0853491332836338,0.3633432468970251
4,-0.018,-0.22251379539426352,0.3024021341148683,-0.19528720197696087,0.2436694100569208,0.4415856029836665,0.3633432468970251
5,0.132,0.189756378626047,0.3024021341148683,-0.05501567296851384,0.2436694100569208,-0.15813715266193462,0.3633432468970251
6,-0.122,-0.1937460374244484,0.3024021341148683,0.03240365652689458,0.2436694100569208,-0.0894430554638781,0.3633432468970251
7,-0.206,0.09482831293992612,0.3024021341148683,0.2531308646259029,0.2436694100569208,-0.24400987273740604,0.3633432468970251
