key,dI,dB_X,dB_X_err,dB_Y,dB_Y_err,dB_Z,dB_Z_err
1,0.186,-0.053214083780545714,0.25574860468075394,-0.3449311523452128,0.2990584176426723,-0.21953201675737333,0.2604203994216813
2,0.01,-0.023197635982633358,0.25574860468075394,0.446840340915708,0.2990584176426723,0.04269517953185442,0.2604203994216813
3,0.017,-0.2506181840808992,0.25574860468075394,-0.009849946158164258,0.2990584176426723,0.2335451552000727,0.2604203994216813
4,-0.017,0.03533832175121887,0.25574860468075394,0.04516088987367084,0.2990584176426723,0.2553572350708002,0.2604203994216813
5,0.132,-0.0874474324439376,0.25574860468075394,0.2052648449587835,0.2990584176426723,0.07662536204916037,0.2604203994216813
6,-0.113,0.13346947062273173,0.25574860468075394,0.019449474903641573,0.2990584176426723,0.027706162130836987,0.2604203994216813
7,-0.206,0.05582670327293826,0.25574860468075394,-0.0934657025445933,0.2990584176426723,-0.09833471609454493,0.2604203994216813
