key,dI,dB_X,dB_X_err,dB_Y,dB_Y_err,dB_Z,dB_Z_err
1,0.192,0.014918525352300094,0.15594786912360353,-0.235041824817408,0.1791974859780936,-0.19852634664214008,0.18539492555449635
2,0.01,0.05168520753483108,0.15594786912360353,0.269693335314706,0.1791974859780936,0.1536818224736578,0.18539492555449635
3,0.019,0.043059254971808514,0.15594786912360353,-0.06890029974393741,0.1791974859780936,0.030999435119241525,0.18539492555449635
4,-0.018,0.056360204383196326,0.15594786912360353,0.031208859126060418,0.1791974859780936,0.19080903008249087,0.18539492555449635
5,0.132,0.02517246840989173,0.15594786912360353,0.109407029673946,0.1791974859780936,-0.14047274012045818,0.18539492555449635
6,-0.122,-0.059686682382476874,0.15594786912360353,0.023669504470142044,0.1791974859780936,-0.03075822097603975,0.18539492555449635
7,-0.206,0.013819665493230104,0.15594786912360353,-0.04698264034870903,0.1791974859780936,-0.02908055010985322,0.18539492555449635
