key,dI,dB_X,dB_X_err,dB_Y,dB_Y_err,dB_Z,dB_Z_err
1,0.192,-0.17315815829772066,0.2458082062142108,-0.2950862357628985,0.2256635527233677,-0.2793922991431597,0.27816412343270763
2,0.01,0.13100035838600374,0.2458082062142108,0.1937219115370752,0.2256635527233677,0.022722839232333314,0.27816412343270763
3,0.019,0.028272256389783482,0.2458082062142108,-0.13038801401734545,0.2256635527233677,0.13682585427366156,0.27816412343270763
4,-0.018,-0.06615822051746179,0.2458082062142108,-0.027775396837608213,0.2256635527233677,0.2380235154253896,0.27816412343270763
5,0.132,0.09033662285620636,0.2458082062142108,0.12854390385059844,0.2256635527233677,0.06593604266111086,0.27816412343270763
6,-0.122,-0.02247789079962459,0.2458082062142108,0.09291554195305453,0.2256635527233677,-0.0694238197151531,0.27816412343270763
7,-0.206,0.011143521267081624,0.2458082062142108,-0.1705427243237132,0.2256635527233677,-0.13828014152918833,0.27816412343270763
