key,dI,dB_X,dB_X_err,dB_Y,dB_Y_err,dB_Z,dB_Z_err
1,0.192,6.984765818997402,6.8485348313413965,-2.7219543825267465,4.821749677226033,0.6922005282249302,6.03478229209152
2,0.01,-4.476655689417385,6.8485348313413965,2.3770560465054587,4.821749677226033,-3.817988050868735,6.03478229209152
3,0.019,2.238815119402716,6.8485348313413965,-0.3403871041809907,4.821749677226033,-4.551744182128459,6.03478229209152
4,-0.018,7.139437612175242,6.8485348313413965,0.6156640658882679,4.821749677226033,-4.470870421384461,6.03478229209152
5,0.132,-10.880928486600167,6.8485348313413965,5.0197242969225035,4.821749677226033,-0.5940425544395112,6.03478229209152
6,-0.122,1.4072419803997036,6.8485348313413965,-1.4132226291840198,4.821749677226033,3.0926900063059293,6.03478229209152
7,-0.206,4.9851819405303095,6.8485348313413965,-2.881043994995707,4.821749677226033,2.587072863127105,6.03478229209152
