key,dI,dB_X,dB_X_err,dB_Y,dB_Y_err,dB_Z,dB_Z_err
1,0.192,-0.02714123298238746,0.2258178334925688,-0.29839200991781434,0.25605635678436145,-0.2311724923926324,0.3648596406278887
2,0.01,-0.02384305024681055,0.2258178334925688,0.4481959374729279,0.25605635678436145,0.018783238838409492,0.3648596406278887
3,0.019,0.09857334942848264,0.2258178334925688,-0.1384674697574857,0.25605635678436145,-0.4792322368307626,0.3648596406278887
4,-0.018,-0.08666854858168271,0.2258178334925688,-0.2343995023692993,0.25605635678436145,0.09360209083682493,0.3648596406278887
5,0.132,-0.0023440771287663864,0.2258178334925688,0.27538948456998913,0.25605635678436145,-0.10957439613007837,0.3648596406278887
6,-0.122,-0.3200345629629471,0.2258178334925688,-0.14115593820603856,0.25605635678436145,0.1412443016992828,0.3648596406278887
7,-0.206,0.0527704791812269,0.2258178334925688,0.027893528525932958,0.25605635678436145,-0.10740388368262543,0.3648596406278887
