key,dI,dB_X,dB_X_err,dB_Y,dB_Y_err,dB_Z,dB_Z_err
1,0.56235046,-0.1319022759937596,0.06066299253600541,0.08790429185265936,0.04924368534216317,-0.0048793431287492695,0.048186958876867185
2,0.1032263,-0.08212113123693854,0.05778685283308055,0.11049323455696936,0.0493117130699214,-0.05268865534885947,0.044090300511047495
3,0.11040586000000008,-0.08414012665311077,0.04808101261161965,-0.42356823710714053,0.05918860165153615,-0.3245190867577463,0.04252947111966083
4,-0.23596860000000008,0.289940908480844,0.05234905408603747,0.0959200623934855,0.04641853391172057,0.007499681242279621,0.03777325454498459
5,-0.4545609280000001,0.26105984464429355,0.04872471803666045,-0.3681182444467588,0.037880477086820234,-0.19217541253428294,0.03462158257509033
