key,dI,dB_X,dB_X_err,dB_Y,dB_Y_err,dB_Z,dB_Z_err
1,0.1401841599404157,-0.022049499593702393,0.05048462803952387,0.11678616756421789,0.053191872298316956,0.09150490593374627,0.0524076385260635
2,0.24818358000000007,-0.01207543698351543,0.05644345897440795,-0.3428101893692066,0.05331409080329978,-0.1005158128688386,0.0349594286228851
3,-0.04662502000000013,0.25547361574614413,0.04114935180610304,0.3571389838931438,0.040260654118599484,-0.14265675820763413,0.03100523302687231
4,-0.03341862000000001,-0.16525610946619196,0.045513835714539666,0.10386170467742595,0.041874231596146026,0.15873899469925412,0.04454019693594134
5,-0.03172754,-0.20334426397311134,0.03947714989641338,0.09049409138360609,0.04252043043568818,-0.2977381124559617,0.0441210699291837
6,-0.06885039999999998,-0.0029505434709271583,0.04694415177274205,-0.08160758613571062,0.03357021845925094,0.3103809877284558,0.04923910256856116
7,-0.01860166000000002,-0.3915953295798289,0.05653158113648857,0.14136542058075463,0.05531450015538224,0.058252992609974186,0.04970522503155968
8,-0.16841256652203235,0.16285909407415033,0.041266663694349906,0.13623644467352847,0.04747731479111382,0.0076752964184017,0.043789638446777815
