key,dI,dB_X,dB_X_err,dB_Y,dB_Y_err,dB_Z,dB_Z_err
1,0.26676736,-0.015179598473650913,0.031134000502352533,0.10289307567985517,0.037184846645624485,0.14276453522382138,0.03774737649051025
2,0.023457180000000077,-0.024557249134971926,0.033542285726056054,-0.05915528360507594,0.043160658998539964,-0.09926444733067985,0.03168083090566312
3,0.09207347999999993,0.04162088498756589,0.034829774014921974,0.19304635897230327,0.03738318022378135,-0.012738923812920966,0.032141741991512617
4,0.10994563999999996,-0.0006313525090888561,0.02738635064024863,-0.20142571280979205,0.027534113681762246,0.0001798077834118672,0.02732508827600906
5,-0.10787117999999996,0.0023327836306918925,0.03338480982653289,0.006690011737061852,0.03547078394098303,0.12836532490400288,0.05627549560772308
6,-0.08936073999999994,-0.00043832330794657537,0.03540326181497497,-0.16321266298260362,0.036745302260013275,-0.22564813250157734,0.04467664443646275
7,-0.39792342,0.027010666341681144,0.026926163593796116,0.018634938060976936,0.03913602988026583,0.013415376933384238,0.033320345793273184
