key,dI,dB_X,dB_X_err,dB_Y,dB_Y_err,dB_Z,dB_Z_err
1,0.26676736,-4.167023064088426,0.6616314177171195,0.5122721110892599,0.3377993850247554,5.441079684125725,1.1136639603474836
2,0.023457180000000077,-0.17603661761677358,0.4350515882022058,-0.006156581730465405,0.1600277110784736,-3.6017865063040517,0.4488439403337462
3,0.09207347999999993,-0.8154078351944918,0.7704713596566434,0.6083862499144743,0.5404308337237133,-3.5693220830289647,1.1867336365749488
4,0.10994563999999996,1.0022087146062404,0.7682171239419983,-0.4107488937297603,0.3936345370713755,-0.4330517367925495,0.8366366003277882
5,-0.10787117999999996,-5.143606819372508,1.7652539164477619,1.8159111806598958,0.8950348508261233,0.12566615239484236,1.1340750899128853
6,-0.08936073999999994,-2.9839480887749232,1.5302949737154523,2.8675642260932364,0.7497765568646881,-5.5208791142795235,1.0029059045704332
7,-0.39792342,-0.259994998385082,1.9421059186819691,1.0270398117936566,0.9299442697279171,0.40722071239724755,1.6932315614085165
