key,dI,dB_X,dB_X_err,dB_Y,dB_Y_err,dB_Z,dB_Z_err
1,0.06004046760000001,0.05028276387153596,0.042308840723535655,0.0977511266908877,0.03653365664624173,0.02956129627094395,0.04196292467492594
2,-0.068068,-0.06715626234614547,0.03431570918500139,-0.04661642551300815,0.03292787791444772,0.09810320265500483,0.04267979316429367
