key,dI,dB_X,dB_X_err,dB_Y,dB_Y_err,dB_Z,dB_Z_err
1,0.06004046760000001,-0.07579236609098317,0.04658801309367529,0.0314922242932667,0.04918371128984717,0.13129768121598495,0.0569935852934235
2,-0.068068,-0.03386360972298874,0.05530902801444366,-0.07814855551625577,0.03603549168816241,0.034560841476663384,0.05937040481694098
