key,dI,dB_X,dB_X_err,dB_Y,dB_Y_err,dB_Z,dB_Z_err
1,0.3435317409,-0.019947440478354395,0.04865243482794125,0.08456777396855131,0.03759667779800435,-0.09741717336660471,0.049108263691334204
2,0.10210948000000009,-0.231811784453825,0.04478222221588701,0.15597667694560435,0.039057018502174363,0.015106781285055604,0.04366120174254639
3,0.14303304000000006,0.029210962740766178,0.03646186595650048,0.0571463783608408,0.0457605550526153,-0.1681640650068985,0.06328077961641439
4,-0.2125266535353535,-0.14783968930387203,0.04882145737333842,-0.0016296656198129256,0.03818527655637278,-0.25825494249743386,0.05457575990596538
5,-0.5744534373535353,-0.39101332940691336,0.052842178367340266,-0.386665407249021,0.040425664319143476,0.09022987025732121,0.04885820104589423
