key,dI,dB_X,dB_X_err,dB_Y,dB_Y_err,dB_Z,dB_Z_err
1,0.3435317409,-0.19825839263862122,0.05490259297669627,-0.13560847869312354,0.05943812315345397,0.13965592850838604,0.05222109684820088
2,0.10210948000000009,-0.22827311160889252,0.0457848813270562,-0.23150375316183625,0.04043035003366702,-0.21496230833166763,0.05742305751385283
3,0.14303304000000006,0.07572069604514553,0.03368599707002463,0.257972620541008,0.03804420763063354,0.10896764442571438,0.04556494317303389
4,-0.2125266535353535,-0.25430246843331616,0.04999654132335541,-0.13337347385412723,0.04253561204969911,0.06908014022283737,0.047945950389265524
5,-0.5744534373535353,-0.30628163333894776,0.05118442519811689,-0.14004674687700192,0.04498228662235051,0.10799481805984712,0.04769086062637592
