key,dI,dB_X,dB_X_err,dB_Y,dB_Y_err,dB_Z,dB_Z_err
1,0.242,0.1368621116712987,0.2981709236511608,0.047497071511811706,0.2755442590876861,-0.09513519196037734,0.2612449397486718
2,0.036,0.2758366277775508,0.2981709236511608,0.002771696496192355,0.2755442590876861,0.07662266988166523,0.2612449397486718
3,-0.014,0.08161904044484912,0.2981709236511608,-0.0505141917983889,0.2755442590876861,0.3887446117265938,0.2612449397486718
4,-0.266,0.1169374484169623,0.2981709236511608,-0.06380664506671517,0.2755442590876861,-0.18081004632153247,0.2612449397486718
