key,dI,dB_X,dB_X_err,dB_Y,dB_Y_err,dB_Z,dB_Z_err
1,0.1984157453742389,0.16640381542025295,0.3049674292336634,0.4503317740548596,0.25272283072682217,-0.022117523890948117,0.2495364875373843
2,0.01880301000000001,0.1844792980902525,0.3049674292336634,-0.211102866809064,0.25272283072682217,-0.0991745565087072,0.2495364875373843
3,-0.013810349999999916,-0.10387369367245468,0.3049674292336634,-0.049389169420066985,0.25272283072682217,-0.044185550983556254,0.2495364875373843
4,-0.21756953325696946,-0.5608130110542291,0.3049674292336634,-0.16834901559554538,0.25272283072682217,0.034456748955683736,0.2495364875373843
