key,dI,dB_X,dB_X_err,dB_Y,dB_Y_err,dB_Z,dB_Z_err
1,0.1984157453742389,-0.03847627235646822,0.27815828516570795,0.2270265768583002,0.2238401307253525,0.008146809188183557,0.2749060019336722
2,0.01880301000000001,-0.017223539395890164,0.27815828516570795,-0.0805627267102409,0.2238401307253525,0.034946359742060285,0.2749060019336722
3,-0.013810349999999916,-0.18922731353890754,0.27815828516570795,-0.05864754048131715,0.2238401307253525,-0.15059419819801168,0.2749060019336722
4,-0.21756953325696946,0.2817453697499168,0.27815828516570795,-0.15304543123890826,0.2238401307253525,-0.1824424849983521,0.2749060019336722
