key,dI,dB_X,dB_X_err,dB_Y,dB_Y_err,dB_Z,dB_Z_err
1,0.242,0.10435722742033704,0.1825986992147356,-0.012504619231727077,0.14098284146244575,-0.0353585854651044,0.18828613753264206
2,0.036,0.150357855467945,0.1825986992147356,-0.10343108636310204,0.14098284146244575,-0.07773364128109961,0.18828613753264206
3,-0.014,0.02710026048757186,0.1825986992147356,-0.10405641632812744,0.14098284146244575,-0.0792782246187329,0.18828613753264206
4,-0.266,0.05487425082918662,0.1825986992147356,0.06816050100627535,0.14098284146244575,-0.060139571722430674,0.18828613753264206
