key,dI,dB_X,dB_X_err,dB_Y,dB_Y_err,dB_Z,dB_Z_err
1,0.56235046,-0.1319565314810731,0.015043317190653537,0.08632722881612409,0.008836904168655221,-0.021268578865658583,0.021228577699193868
2,0.1032263,-0.08426883895086235,0.015401498324143085,0.09007412901272716,0.008925252704415335,-0.053103020784881494,0.020953663464892254
3,0.11040586000000008,-0.0741812816173848,0.014847022374761315,-0.42250060333922335,0.008934184927619987,-0.32070792103905177,0.020937744905203257
4,-0.23596860000000008,0.2693872482227917,0.014795072177044724,0.09783991117465618,0.008954325683614617,0.016075514927614165,0.02231755107615089
5,-0.4545609280000001,0.26105767332463614,0.014792301848811603,-0.36705741192847796,0.008910069132702892,-0.20389399680688314,0.02236502907174986
