key,dI,dB_X,dB_X_err,dB_Y,dB_Y_err,dB_Z,dB_Z_err
1,0.56235046,0.21830161855536545,0.014315667701629375,0.19853366628491464,0.011212676453383153,0.06426658767425941,0.02010353517889298
2,0.1032263,0.26204589444825643,0.014506721409287632,-0.09070622187246435,0.011262461764485813,-0.3151820272017698,0.01959318084972703
3,0.11040586000000008,0.026512893312805375,0.01433884078001516,-0.11465711369999099,0.011142523059206877,-0.235465691224924,0.01955062593764865
4,-0.23596860000000008,0.12035112719749819,0.013763085845961526,-0.09102198224594282,0.011401994361727766,-0.3336411725487185,0.020856364082469183
5,-0.4545609280000001,-0.12984872247892554,0.013778304315251299,-0.2419117075145074,0.011451813205620536,0.09556736129648691,0.02086777088864737
