key,dI,dB_X,dB_X_err,dB_Y,dB_Y_err,dB_Z,dB_Z_err
1,0.1401841599404157,0.040158796776154304,0.01448858388851948,0.282224497972674,0.00905633408269106,-0.01673272658022995,0.022162196873195004
2,0.24818358000000007,0.006329878963420299,0.014599485404152993,0.24599045167349232,0.009087845899117535,0.034548905346348135,0.02203582746943038
3,-0.04662502000000013,0.001083532794865505,0.014699677585867418,-0.03015820160894478,0.009037025108778608,-0.1916577951710181,0.023098672689749408
4,-0.03341862000000001,0.1669737116190788,0.014770249802278528,-0.20860977606128372,0.009147847288037999,-0.06671108404749759,0.023716005475379734
5,-0.03172754,-0.1103860891269477,0.01476846668974992,-0.057734496938643076,0.0091186848042907,-0.042476739697015375,0.023409152467621003
6,-0.06885039999999998,-0.3332362567331444,0.014710661273943538,0.2555137706360462,0.009205499580850643,0.4924966652975158,0.022875435077073052
7,-0.01860166000000002,-0.154321691043954,0.014931976201554143,0.07198802681532612,0.009002161382738827,0.11690879909207297,0.023299380079298083
8,-0.16841256652203235,0.16532892435583335,0.01506790861633541,-0.2982568835393131,0.009134327788232312,0.13362485149925618,0.0233478939093494
