key,dI,dB_X,dB_X_err,dB_Y,dB_Y_err,dB_Z,dB_Z_err
1,0.1401841599404157,-0.03375899117460435,0.01369461615683312,0.09751666975021678,0.011628005457745245,0.08161545826543204,0.020717938684070254
2,0.24818358000000007,-0.018046419239322375,0.013773404700548844,-0.34266106923584516,0.011724603643007897,-0.09652899651867486,0.020418409466229557
3,-0.04662502000000013,0.2516077970192896,0.013685049037304534,0.34996360768730383,0.011663450410318195,-0.1406837473178566,0.021608787923941015
4,-0.03341862000000001,-0.14918384160221976,0.013803445830683277,0.1272667060670294,0.011776091339221504,0.15280451326693267,0.022263500913686986
5,-0.03172754,-0.21027792569739034,0.013639774992408739,0.10529348076008027,0.01190832685508162,-0.3050911085521477,0.021882359404072106
6,-0.06885039999999998,0.001382421864100536,0.013773659199552608,-0.09107334643238119,0.011907565299409738,0.3163248828552252,0.02147338223029316
7,-0.01860166000000002,-0.4019402318647458,0.013802570154434916,0.1435544840914158,0.01179853996998709,0.04973540834349777,0.021844669223387833
8,-0.16841256652203235,0.14190535026751405,0.013968934566293998,0.1540287243855527,0.011969521154168319,0.001073854932521101,0.021871056789512774
