key,dI,dB_X,dB_X_err,dB_Y,dB_Y_err,dB_Z,dB_Z_err
1,0.1401841599404157,-0.1951816323397466,0.013770047588657958,-0.044302594050497746,0.014477974956666294,0.11111841295354097,0.023840583703484502
2,0.24818358000000007,0.09522405163710701,0.013518197002381594,-0.09591876943280475,0.014437718222047796,0.17686013835580283,0.023468935161805964
3,-0.04662502000000013,0.09358741859971431,0.013600076963765207,-0.2915713757718752,0.014471716416521379,-0.047881052871176166,0.024719401512440287
4,-0.03341862000000001,-0.07011861837277422,0.013683058422628153,0.21201086215501874,0.014606628545276341,0.2704033988187575,0.02543237762950469
5,-0.03172754,-0.025737392792450464,0.013673873574679472,-0.17284181200835036,0.01468627763646942,-0.1680718063374833,0.02508119577013643
6,-0.06885039999999998,-0.10207874282079388,0.01386014265543962,0.026469649211449564,0.014877554343297766,0.21289581928495593,0.02465984037820636
7,-0.01860166000000002,-0.10044491448882198,0.013668164705367667,0.16090280166787174,0.014796197657038278,0.1286847880850992,0.02489900083908731
8,-0.16841256652203235,-0.08214494327571842,0.013757307361189413,0.11135390903147346,0.01490726267260049,-0.0703083369705162,0.025002542598560988
