key,dI,dB_X,dB_X_err,dB_Y,dB_Y_err,dB_Z,dB_Z_err
1,0.06004046760000001,-0.19858052891088462,0.013010515776744001,0.24740801902041376,0.011413577626994315,-0.31250336147673785,0.023112498805570102
2,-0.068068,-0.18684778956169978,0.013102975841726858,-0.24090816856822794,0.011879408378603103,0.06291995130425931,0.023743307035073935
