key,dI,dB_X,dB_X_err,dB_Y,dB_Y_err,dB_Z,dB_Z_err
1,0.06004046760000001,-0.03288681350687739,0.015067252747745289,0.15400032447106327,0.009251890977546489,-0.09808571203213035,0.022898446103531218
2,-0.068068,-0.31390727883168523,0.014849000751433873,-0.14705237752046685,0.009265840528795886,0.0283792582715634,0.02344272885224208
