key,dI,dB_X,dB_X_err,dB_Y,dB_Y_err,dB_Z,dB_Z_err
1,0.06004046760000001,0.039903814614092425,0.012479026918682648,0.08955824975320503,0.010910032473081817,0.024307356862498075,0.02159535499476093
2,-0.068068,-0.06992287528262864,0.0126337407626775,-0.056966930120825765,0.010893479140415068,0.09627874478144438,0.02224073943136946
