key,dI,dB_X,dB_X_err,dB_Y,dB_Y_err,dB_Z,dB_Z_err
1,0.1655530132,0.010583294322771053,0.012490236608766513,-0.22215368281254655,0.01053673915224381,-0.19967910444488268,0.021899878846245578
2,0.014177519999999999,0.06056706422884872,0.012427095245923475,0.27227144122893776,0.010604174269069396,0.15574624139718196,0.021628930763462006
3,0.010737740000000023,0.04229188527386896,0.0122302334319552,-0.06328938215280289,0.010328797730145516,0.022799877813397984,0.020230110506904632
4,-0.016334560000000026,0.058498645707061314,0.012352266198339554,0.023112649384572137,0.01034348532662834,0.18986543691789848,0.01998928112270805
5,0.15806114,0.009025160061668203,0.012492846791798786,0.1039075726794394,0.010095321223078808,-0.1294212375226067,0.019800394176617175
6,-0.07530806000000007,-0.0602748872078962,0.012427535960685373,0.012031036252608374,0.010117345673606164,-0.033670585656352614,0.018836890648871993
7,-0.20214647540000003,0.0010242264861233252,0.012295213593043086,-0.04894936716127063,0.010069339327622011,-0.029215397540127697,0.018878991479862887
