key,dI,dB_X,dB_X_err,dB_Y,dB_Y_err,dB_Z,dB_Z_err
1,0.1655530132,-0.15972092175835684,0.014175263797444023,-0.27980912284048465,0.01207830142551701,-0.2881339107347465,0.021618311509592564
2,0.014177519999999999,0.1251304972741032,0.014109933532499942,0.19756265483144908,0.012128929623441463,0.02527593396856176,0.02151794844552874
3,0.010737740000000023,0.03374719203635124,0.01396303230769592,-0.12036506107572009,0.011981411955106207,0.12916372982999036,0.02030556384779028
4,-0.016334560000000026,-0.06653229602578392,0.01418400547856889,-0.028510204707792752,0.011850191480970032,0.22530118008849165,0.020765125116764156
5,0.15806114,0.07224306436322792,0.014384848705441933,0.1303166930249482,0.011676347691934834,0.07769356484511114,0.020294838273691114
6,-0.07530806000000007,-0.029345098034504247,0.01401362376543789,0.09009745443221817,0.011490211296654704,-0.07712707323334556,0.020155183707692023
7,-0.20214647540000003,-0.019792964737177954,0.014167681052211837,-0.17410101402077416,0.011575050641194315,-0.14197929149412047,0.020006611886985656
