key,dI,dB_X,dB_X_err,dB_Y,dB_Y_err,dB_Z,dB_Z_err
1,0.06004046760000001,-0.1533667571281203,0.23330424379838283,0.04631644963399939,0.2624981188601351,-0.23037742935003536,0.36967251388787997
2,-0.068068,0.07538130654001662,0.23071500401848638,-0.3650644048020917,0.2603314580127085,-0.007838398131365665,0.36859831333777254
