key,dI,dB_X,dB_X_err,dB_Y,dB_Y_err,dB_Z,dB_Z_err
1,0.06004046760000001,0.07083971283218027,0.2457532155021365,-0.02985999003959705,0.24802004344957887,0.09188698985887678,0.27070627648173984
2,-0.068068,0.09284288468180169,0.2449519732110422,-0.09060153784383829,0.2473185647536198,0.1522876460626117,0.27378874907253564
