key,dI,dB_X,dB_X_err,dB_Y,dB_Y_err,dB_Z,dB_Z_err
1,0.06004046760000001,0.1184228810725898,0.32485589017421684,-0.04394751809590991,0.24709241106629432,-0.15471213267873551,0.29118866523774156
2,-0.068068,-0.07326655578419405,0.3250942467170207,-0.20555161666362132,0.24232527405429205,0.12520730436039074,0.2909465196774047
