key,dI,dB_X,dB_X_err,dB_Y,dB_Y_err,dB_Z,dB_Z_err
1,0.06004046760000001,-0.07579236609098317,0.25018416657787207,0.0314922242932667,0.230961201252451,0.13129768121598495,0.2839428610296187
2,-0.068068,-0.03386360972298874,0.25195389026992715,-0.07814855551625577,0.22852263714770088,0.034560841476663384,0.2844294719842057
