key,dI,dB_X,dB_X_err,dB_Y,dB_Y_err,dB_Z,dB_Z_err
1,0.06004046760000001,-0.03338152225230573,0.2664632271978064,0.19154562094321292,0.25928901750138483,-0.06812616749181188,0.4247138182664654
2,-0.068068,-0.3099879429526382,0.2640039619927989,-0.13741550459425156,0.2557227982811091,0.024711460469937663,0.42292791806488617
