key,dI,dB_X,dB_X_err,dB_Y,dB_Y_err,dB_Z,dB_Z_err
1,0.06004046760000001,0.035970206595635545,0.16112976872154913,0.10226755430313261,0.1830173456473135,0.02748436803990728,0.19006075397280817
2,-0.068068,-0.0790843450347154,0.15976028757807056,-0.08585228348716356,0.18214395651563947,0.07369198197571336,0.19102460392838602
