key,dI,dB_X,dB_X_err,dB_Y,dB_Y_err,dB_Z,dB_Z_err
1,0.06004046760000001,0.057766732451027814,0.1609086554825891,0.11555576743484863,0.18033751381087842,0.022468104036633463,0.1919899274101737
2,-0.068068,-0.0730880606241815,0.15957708863811973,-0.051588917283886815,0.17948037562676927,0.09279793439790751,0.19235599065018807
