key,dI,dB_X,dB_X_err,dB_Y,dB_Y_err,dB_Z,dB_Z_err
1,0.06004046760000001,0.2355742775612235,0.3383849912690564,0.13575816790022788,0.24652083683107734,-0.21027979269282326,0.347503629960452
2,-0.068068,-0.22954867356597397,0.3373542909993559,-0.035910753079420266,0.24376357825701445,0.14240553611685058,0.3466130876658832
