key,dI,dB_X,dB_X_err,dB_Y,dB_Y_err,dB_Z,dB_Z_err
1,0.06004046760000001,0.05028276387153596,0.16094819093451077,0.0977511266908877,0.17558379937837734,0.02956129627094395,0.19211995609949545
2,-0.068068,-0.06715626234614547,0.15903411602103434,-0.04661642551300815,0.17486911585568662,0.09810320265500483,0.19227780742702846
