key,dI,dB_X,dB_X_err,dB_Y,dB_Y_err,dB_Z,dB_Z_err
1,0.06004046760000001,-0.16859467703386954,0.31191744039746183,0.26781097060425196,0.24760500458126217,-0.27703057590672486,0.3699941324742185
2,-0.068068,-0.18252449203468046,0.3089752412223713,-0.23732820125232212,0.24841322344969458,0.06982404598907443,0.36743877883355636
