key,dI,dB_X,dB_X_err,dB_Y,dB_Y_err,dB_Z,dB_Z_err
1,0.06004046760000001,-0.03317156014590239,0.2600493789124499,-0.07823264551904963,0.302339368217643,0.1158870853569347,0.26629314321447123
2,-0.068068,-0.07158818384024812,0.2581899256143142,-0.22520625994700083,0.30374581760899677,-0.13082460508804772,0.2639644017010833
