key,dI,dB_X,dB_X_err,dB_Y,dB_Y_err,dB_Z,dB_Z_err
1,0.1984157453742389,0.008870855646041065,0.23467106090128784,-0.04995965403112379,0.19865399561593108,-0.058650327812088676,0.2407761247541213
2,0.01880301000000001,0.20926329396829144,0.23467106090128784,-0.11702778026565674,0.19865399561593108,-0.16874224013258401,0.2407761247541213
3,-0.013810349999999916,0.14888835289240987,0.23467106090128784,-0.1142972021983404,0.19865399561593108,-0.08664343342528014,0.2407761247541213
4,-0.21756953325696946,0.22787351749919085,0.23467106090128784,-0.07606801094847881,0.19865399561593108,-0.2067755007581411,0.2407761247541213
