key,dI,dB_X,dB_X_err,dB_Y,dB_Y_err,dB_Z,dB_Z_err
1,0.1984157453742389,0.19357598876774415,0.2006988256172399,-0.2570290891807119,0.14507768463129808,-0.0560349807602023,0.22501390441406646
2,0.01880301000000001,0.1258361368433416,0.2006988256172399,-0.12113960820611425,0.14507768463129808,-0.07057724772926123,0.22501390441406646
3,-0.013810349999999916,-0.012223233495881836,0.2006988256172399,-0.07171220532994482,0.14507768463129808,0.01588689272492161,0.22501390441406646
4,-0.21756953325696946,-0.0205912638022685,0.2006988256172399,0.2944447639988823,0.14507768463129808,-0.0003590548148935113,0.22501390441406646
