key,dI,dB_X,dB_X_err,dB_Y,dB_Y_err,dB_Z,dB_Z_err
1,0.06004046760000001,-0.16859467703386954,0.07645547009127161,0.26781097060425196,0.04397109159662785,-0.27703057590672486,0.06983797677250544
2,-0.068068,-0.18252449203468046,0.06339281482309911,-0.23732820125232212,0.04831509274729872,0.06982404598907443,0.05470777938303326
