key,dI,dB_X,dB_X_err,dB_Y,dB_Y_err,dB_Z,dB_Z_err
1,0.8543745851666666,-0.05950680345921455,0.1829269961891008,0.030407601648047233,0.14086878627144267,-0.07104183179267132,0.19095130902721671
2,-0.8249509333333334,0.0491717823551312,0.1829269961891008,-0.05867836443478147,0.14086878627144267,0.0626262109030673,0.19095130902721671
