key,dI,dB_X,dB_X_err,dB_Y,dB_Y_err,dB_Z,dB_Z_err
1,0.8543745851666666,0.07164577693679597,0.3054759027562873,-0.04094365601408789,0.1976110647840052,0.05300574121739032,0.2451370291479421
2,-0.8249509333333334,0.21411411186261553,0.3054759027562873,-0.1102376931197071,0.1976110647840052,0.12483070583218492,0.2451370291479421
