key,dI,dB_X,dB_X_err,dB_Y,dB_Y_err,dB_Z,dB_Z_err
1,0.8543745851666666,-0.15253961629009893,0.23467106090128784,0.03144538933299934,0.19865399561593108,-0.08847477163072881,0.2407761247541213
2,-0.8249509333333334,0.07330473466158693,0.23467106090128784,-0.026526048861779117,0.19865399561593108,-0.12825195000938194,0.2407761247541213
