key,dI,dB_X,dB_X_err,dB_Y,dB_Y_err,dB_Z,dB_Z_err
1,0.8543745851666666,-0.05139049302860599,0.1825986992147356,0.013987523319237027,0.14098284146244575,-0.031155388679763973,0.18828613753264214
2,-0.8249509333333334,0.10933509265493058,0.1825986992147356,-0.03294606770632669,0.14098284146244575,0.10341194907985596,0.18828613753264214
