key,dI,dB_X,dB_X_err,dB_Y,dB_Y_err,dB_Z,dB_Z_err
1,0.8543745851666666,-0.04209230501133021,0.3049674292336634,0.18914778349125783,0.25272283072682217,0.0929608469006169,0.2495364875373843
2,-0.8249509333333334,0.30628219125757283,0.3049674292336634,-0.06732072646052245,0.25272283072682217,-0.38977836413867806,0.2495364875373843
