key,dI,dB_X,dB_X_err,dB_Y,dB_Y_err,dB_Z,dB_Z_err
1,0.8543745851666666,0.10228099564173831,0.32575640339540923,-0.17332491537430172,0.27485415423632303,-0.05116389610139649,0.3025564889947024
2,-0.8249509333333334,0.09398105391868938,0.32575640339540923,-0.06453430751704037,0.27485415423632303,-0.025507910183470983,0.3025564889947024
