key,dI,dB_X,dB_X_err,dB_Y,dB_Y_err,dB_Z,dB_Z_err
1,0.8543745851666666,-3.136924543781788,6.1217884044754864,3.9400575992040103,2.5878079222056685,-8.078159360622521,5.633539451341889
2,-0.8249509333333334,-0.8005187953531276,6.1217884044754864,-1.6900868852899293,2.5878079222056685,12.028751763573382,5.633539451341889
