key,dI,dB_X,dB_X_err,dB_Y,dB_Y_err,dB_Z,dB_Z_err
1,0.8543745851666666,-0.16397841708142558,0.33031817664664803,0.09689542975915355,0.3323049016325049,0.1128178607706598,0.26386302304116005
2,-0.8249509333333334,0.20770217913715783,0.33031817664664803,-0.17182687911456096,0.3323049016325049,0.0790147400972181,0.26386302304116005
