key,dI,dB_X,dB_X_err,dB_Y,dB_Y_err,dB_Z,dB_Z_err
1,0.8543745851666666,-0.24115776874745087,0.27815828516570795,0.01949091907236067,0.2238401307253525,-0.06131298980284594,0.2749060019336722
2,-0.8249509333333334,0.133817452258449,0.27815828516570795,-0.04748792637455068,0.2238401307253525,-0.06798998362773223,0.2749060019336722
