key,dI,dB_X,dB_X_err,dB_Y,dB_Y_err,dB_Z,dB_Z_err
1,0.8543745851666666,-0.05565638574737619,0.3159831973709406,-0.2914092720117134,0.24184335823990025,0.04720405087092594,0.33809531199402315
2,-0.8249509333333334,0.1006237567134356,0.3159831973709406,0.06852255624192338,0.24184335823990025,0.33637866563650753,0.33809531199402315
