key,dI,dB_X,dB_X_err,dB_Y,dB_Y_err,dB_Z,dB_Z_err
1,0.8543745851666666,-0.05180973432022995,0.2981709236511608,0.13764704141866035,0.2755442590876861,-0.19413363953902163,0.2612449397486718
2,-0.8249509333333334,-0.09144438381482445,0.2981709236511608,0.09863510603620673,0.2755442590876861,-0.007776701762846727,0.2612449397486718
