key,dI,dB_X,dB_X_err,dB_Y,dB_Y_err,dB_Z,dB_Z_err
1,0.8543745851666666,-0.0581051565318873,0.2006988256172399,0.06040609024191923,0.14507768463129808,-0.2772290283526928,0.22501390441406646
2,-0.8249509333333334,0.03126067111992281,0.2006988256172399,-0.09330324433166481,0.14507768463129808,0.28809307276901563,0.22501390441406646
