key,dI,dB_X,dB_X_err,dB_Y,dB_Y_err,dB_Z,dB_Z_err
1,0.298897848239899,0.03557514246197613,0.2404693471736765,-0.21326559911920384,0.2439720388992704,0.1846820211842548,0.2679225532999049
2,0.01727373685690238,-0.0063878748729937485,0.2404693471736765,-0.16954699933702244,0.2439720388992704,0.17566467073167824,0.2679225532999049
3,-0.07196771214141415,-0.12146346088457705,0.2404693471736765,-0.2966232935638544,0.2439720388992704,0.08128528961087067,0.2679225532999049
