key,dI,dB_X,dB_X_err,dB_Y,dB_Y_err,dB_Z,dB_Z_err
1,0.298897848239899,-0.13787764494480115,0.259885443451743,-0.46339244054543016,0.25138005379878525,0.03809336580080469,0.4201676443635005
2,0.01727373685690238,-0.09675337752166513,0.259885443451743,0.3770851734209373,0.25138005379878525,0.26411150400436156,0.4201676443635005
3,-0.07196771214141415,0.03743673186583152,0.259885443451743,-0.04980694519168338,0.25138005379878525,0.037722733240798334,0.4201676443635005
