key,dI,dB_X,dB_X_err,dB_Y,dB_Y_err,dB_Z,dB_Z_err
1,0.298897848239899,-0.1833607146271703,0.25574860468075394,-0.10559845105600019,0.2990584176426723,0.13723020183999424,0.2604203994216813
2,0.01727373685690238,-0.3432127372100737,0.25574860468075394,-0.23167519027704842,0.2990584176426723,0.22014333312442247,0.2604203994216813
3,-0.07196771214141415,0.06981485755410333,0.25574860468075394,-0.028464128985312698,0.2990584176426723,-0.13832381486447787,0.2604203994216813
