key,dI,dB_X,dB_X_err,dB_Y,dB_Y_err,dB_Z,dB_Z_err
1,0.298897848239899,-0.05185774744796845,0.15528773989508066,-0.18155715700441988,0.17174097512300546,0.08441948784962605,0.18748117367991526
2,0.01727373685690238,-0.026448354019379394,0.15528773989508066,-0.08138685536455093,0.17174097512300546,0.14748294213455537,0.18748117367991526
3,-0.07196771214141415,0.09775923459741875,0.15528773989508066,0.03475827626491501,0.17174097512300546,0.059948877403790846,0.18748117367991526
