key,dI,dB_X,dB_X_err,dB_Y,dB_Y_err,dB_Z,dB_Z_err
1,0.298897848239899,-0.12124312383374125,0.3332288427760081,-0.09180815027868916,0.24012310338532986,-0.06131536599594867,0.3430913916976505
2,0.01727373685690238,-0.44687222566445506,0.3332288427760081,-0.3145642987327979,0.24012310338532986,-0.020722608560930666,0.3430913916976505
3,-0.07196771214141415,0.14703370202689747,0.3332288427760081,-0.01567479061789001,0.24012310338532986,0.2330877707979937,0.3430913916976505
