key,dI,dB_X,dB_X_err,dB_Y,dB_Y_err,dB_Z,dB_Z_err
1,0.298897848239899,-0.0480751564725459,0.2258178334925688,-0.039179412829280835,0.25605635678436145,0.05396651263285257,0.3648596406278887
2,0.01727373685690238,-0.2250312238039962,0.2258178334925688,-0.03805250544625771,0.25605635678436145,0.3884907216201654,0.3648596406278887
3,-0.07196771214141415,-0.06027371774072954,0.2258178334925688,-0.17789807508735933,0.25605635678436145,-0.05517333752206355,0.3648596406278887
