key,dI,dB_X,dB_X_err,dB_Y,dB_Y_err,dB_Z,dB_Z_err
1,0.298897848239899,0.04111700438629384,0.32039403380535164,-0.1540785509514988,0.2363280937238441,-0.012105048569903687,0.2868082700123229
2,0.01727373685690238,-0.02275332670083685,0.32039403380535164,0.027691898499387246,0.2363280937238441,0.26150106535331474,0.2868082700123229
3,-0.07196771214141415,0.14790521294588643,0.32039403380535164,0.033512382552657094,0.2363280937238441,0.12299664893720319,0.2868082700123229
