key,dI,dB_X,dB_X_err,dB_Y,dB_Y_err,dB_Z,dB_Z_err
1,0.298897848239899,-4.321480435479316,6.8485348313413965,1.7211656276340364,4.821749677226033,1.3516912150662392,6.03478229209152
2,0.01727373685690238,-8.775383716914803,6.8485348313413965,4.756660610706604,4.821749677226033,-4.499599435890559,6.03478229209152
3,-0.07196771214141415,1.8896773973247036,6.8485348313413965,-1.2861538341239793,4.821749677226033,-2.0996409303043038,6.03478229209152
