key,dI,dB_X,dB_X_err,dB_Y,dB_Y_err,dB_Z,dB_Z_err
1,0.298897848239899,-0.037479622487097686,0.15594786912360353,-0.16468963419321625,0.1791974859780936,0.08196877897934485,0.18539492555449635
2,0.01727373685690238,0.009455488903739706,0.15594786912360353,-0.023758598223324157,0.1791974859780936,0.22306287422576077,0.18539492555449635
3,-0.07196771214141415,0.08596869577269217,0.15594786912360353,0.028183844121507207,0.1791974859780936,0.04482461820062156,0.18539492555449635
