key,dI,dB_X,dB_X_err,dB_Y,dB_Y_err,dB_Z,dB_Z_err
1,0.298897848239899,0.07725969532720178,0.2458082062142108,-0.1247769572636841,0.22566355272336766,-0.05105962880081627,0.27816412343270763
2,0.01727373685690238,0.12578094870091938,0.2458082062142108,0.01396443765517219,0.22566355272336766,0.2170878468722428,0.27816412343270763
3,-0.07196771214141415,0.0046156058539352784,0.2458082062142108,0.023610846373518513,0.22566355272336766,-0.0978308848853704,0.27816412343270763
