key,dI,dB_X,dB_X_err,dB_Y,dB_Y_err,dB_Z,dB_Z_err
1,0.298897848239899,-0.04273596191389917,0.15571416255952628,-0.16519458704271273,0.1763179148390102,0.05969844047464079,0.18744093568624376
2,0.01727373685690238,-0.022469711087233613,0.15571416255952628,-0.09438079420641543,0.1763179148390102,0.1748055267256845,0.18744093568624376
3,-0.07196771214141415,0.09237000905928383,0.15571416255952628,-0.018754880509234795,0.1763179148390102,0.14954849562928985,0.18744093568624376
