key,dI,dB_X,dB_X_err,dB_Y,dB_Y_err,dB_Z,dB_Z_err
1,0.298897848239899,0.14873093724864006,0.3024021341148683,-0.08110436928470932,0.2436694100569208,0.23598398891719263,0.3633432468970251
2,0.01727373685690238,-0.04404867913208932,0.3024021341148683,0.029726765363935925,0.2436694100569208,0.15183308803795548,0.3633432468970251
3,-0.07196771214141415,0.13194067135288456,0.3024021341148683,0.16474391517724918,0.2436694100569208,-0.05199840419861523,0.3633432468970251
