key,dI,dB_X,dB_X_err,dB_Y,dB_Y_err,dB_Z,dB_Z_err
1,0.1401841599404157,0.8204636095906608,0.08530205902658652,-3.4387516528222477,0.08360537304659009,7.937566592649091,0.06234038680557797
2,0.24818358000000007,0.3250334405020112,0.07748510115645885,0.20796013571089134,0.08953292752917139,-0.0561465360224247,0.07565805653324785
3,-0.04662502000000013,-7.866873453269363,0.07861664745023102,2.5044197405150044,0.08661349989312432,-3.918816755176522,0.05911213095560903
4,-0.03341862000000001,-2.2610400969715556,0.07575386299903346,0.9133582941503846,0.0844890696558856,1.9494343445403501,0.055883979369899195
5,-0.03172754,1.0776221605483443,0.07820400235207293,0.3178742130912724,0.08444113575693461,1.4114802399999462,0.052570449015939415
6,-0.06885039999999998,-1.7915014638419962,0.08530687824475781,-0.26705244528420735,0.08413332717561084,3.512473808019422,0.055659837512010965
7,-0.01860166000000002,-4.09025657903112,0.08708516410291628,2.549100070456916,0.08171193336861211,-5.271704671089537,0.05865529296765589
8,-0.16841256652203235,-6.487738595547853,0.09729179532084231,4.720116006326862,0.08605524633792208,-1.7201060794177465,0.062124478632439126
