key,dI,dB_X,dB_X_err,dB_Y,dB_Y_err,dB_Z,dB_Z_err
1,0.1401841599404157,0.22133030024922107,0.012827907621444404,0.08617036026735203,0.011367489407632329,-0.037189122396215524,0.022458696026347386
2,0.24818358000000007,0.054724572165095964,0.012769493859894687,0.05295348938696964,0.011153840390574184,0.253422520841724,0.02232668412164833
3,-0.04662502000000013,0.02591642790988402,0.012760026822452345,-0.022515613604968898,0.011152930179257675,-0.28285750893998873,0.023351126915821672
4,-0.03341862000000001,-0.03652353502075911,0.012764966136579235,0.2552303894671484,0.011374918904764428,-0.0142961802641004,0.024003737322059723
5,-0.03172754,-0.06762301185983333,0.012864073621133081,0.13356170277368928,0.011362718592891381,-0.23835923287783167,0.023831812778932593
6,-0.06885039999999998,0.18001725594267626,0.0128120553018939,0.004532964132687667,0.011457651454699519,0.24768318897015718,0.02305017788515209
7,-0.01860166000000002,0.05374180412906426,0.012842686173215991,0.06795204627229445,0.011384086738471494,0.5992326768143599,0.023618523164805755
8,-0.16841256652203235,-0.13529790142998976,0.012929776707884779,0.16309392088536345,0.011406383647015695,-0.48177478822556274,0.023626205975763877
