key,dI,dB_X,dB_X_err,dB_Y,dB_Y_err,dB_Z,dB_Z_err
1,0.26676736,0.07433926748936504,0.01889196833149509,-0.14458322854696348,0.01830226729818388,-0.035109549730226064,0.021875754518234324
2,0.023457180000000077,-0.04928399742334033,0.01893125459688845,0.1985973993364496,0.018216031710109746,0.03211378188683245,0.02111577002639374
3,0.09207347999999993,0.1922818897037244,0.019224153653121925,0.2484443738911466,0.0183777927868445,-0.06114596500291647,0.021213440081229884
4,0.10994563999999996,-0.1059099134289685,0.019266521174870942,-0.18358374832056512,0.01836573185842874,0.11369868185102705,0.021384095394422147
5,-0.10787117999999996,0.07267085276470198,0.0212431913502686,-0.050402000761188503,0.02055969745804616,0.18722100610310521,0.02351951198456213
6,-0.08936073999999994,0.04598334210089927,0.021315263017300093,-0.06484087396012228,0.020642738257135654,-0.3883994007677729,0.02374356337649991
7,-0.39792342,-0.07831520793531332,0.019583593446615758,0.10555600651578345,0.018797952550142463,-0.24079148470761647,0.022062295439862076
