key,dI,dB_X,dB_X_err,dB_Y,dB_Y_err,dB_Z,dB_Z_err
1,0.1655530132,-0.011993415916306205,0.013681574794879485,-0.29080005619917104,0.011012340623767252,-0.23724080957999583,0.022515710116447808
2,0.014177519999999999,-0.015264475364151764,0.01365332903906524,0.4505008049707264,0.01091221774042385,0.03322932592229222,0.022376669258645426
3,0.010737740000000023,0.11448288639214965,0.013480743629637455,-0.11254939978736633,0.01072920677565432,-0.46198018161738297,0.02111161003325002
4,-0.016334560000000026,-0.10120929907972087,0.013600175410428862,-0.23986376136420473,0.010829456462622209,0.09167337735616066,0.02142480640519937
5,0.15806114,-0.02074993611130793,0.013634283368103005,0.2803877022115948,0.010712764267336678,-0.09801673048926673,0.020988577704741468
6,-0.07530806000000007,-0.3412954511643429,0.01360171721699126,-0.1413625525067408,0.010526458155470615,0.1262537476828811,0.020681108619919345
7,-0.20214647540000003,0.03341684959767832,0.013487287474344517,0.024797553824257967,0.010634869322410288,-0.10123761591929181,0.020533167631619203
