key,dI,dB_X,dB_X_err,dB_Y,dB_Y_err,dB_Z,dB_Z_err
1,0.1655530132,6.83852151434985,0.08354474523373644,-2.6333620981822605,0.08165113728620839,0.4814581393147819,0.05158033371376094
2,0.014177519999999999,-4.482348214820377,0.08053128144082056,2.429942204398685,0.08386441042128104,-3.9849502608994953,0.06801582119387305
3,0.010737740000000023,2.135472447669599,0.08503829855833454,-0.23603901208844036,0.07977901562112144,-4.6997540492448024,0.04773494445137982
4,-0.016334560000000026,7.001551134395413,0.09759318081976932,0.6942603953866637,0.08074498230848684,-4.543111588514876,0.07510522719195067
5,0.15806114,-11.209840558003634,0.1028992348907192,5.0846616006456316,0.08018412820549982,-0.4630681648850441,0.0660786326069983
6,-0.07530806000000007,1.4342608110309811,0.10774529041426047,-1.3259132046005107,0.07987522184553973,2.799212932761293,0.11292408818322923
7,-0.20214647540000003,4.91045088073588,0.10966409973235416,-2.935152727935929,0.07985899075746286,2.759230272087734,0.09324859966877301
