key,dI,dB_X,dB_X_err,dB_Y,dB_Y_err,dB_Z,dB_Z_err
1,0.1401841599404157,0.05753148015745779,0.04358233895038313,0.29996543254502583,0.052189366523934085,-0.006214590229028261,0.05889058603861934
2,0.24818358000000007,0.023782848813866053,0.051239021418014355,0.25981845490148814,0.05242655532776708,0.03036445010673816,0.05093209026149728
3,-0.04662502000000013,0.002470758177238963,0.054969400271028826,-0.03215519764145114,0.04071523877760122,-0.17252911114540126,0.043220717685624035
4,-0.03341862000000001,0.14941152416303538,0.051012362610738986,-0.21043865167175113,0.048778700487934284,-0.05666123727569783,0.04622057152168817
5,-0.03172754,-0.10151006824284536,0.06063241885122124,-0.053408190265422206,0.03720207704151207,-0.04085990847904952,0.05060431492188464
6,-0.06885039999999998,-0.33622273277421044,0.05295058018660091,0.2563624674366025,0.04937332781573961,0.48757676663915817,0.036578011545102505
7,-0.01860166000000002,-0.1283309285979115,0.05392443715527214,0.06362948997129436,0.04231149573076685,0.11185243682314905,0.03959350459732637
8,-0.16841256652203235,0.16099161421919206,0.04780298701270328,-0.304386373905448,0.04592369539754082,0.13849927859325106,0.045429761173650426
