key,dI,dB_X,dB_X_err,dB_Y,dB_Y_err,dB_Z,dB_Z_err
1,0.1401841599404157,-0.13110956154177877,0.050726178461002,-0.033323833553866145,0.04165213507332314,-0.09475074564627484,0.04718061952932904
2,0.24818358000000007,0.005058714154278832,0.04492198756959777,0.11563068837217383,0.04966666897918891,-0.12120688773983446,0.039136274023056826
3,-0.04662502000000013,0.021794123045555835,0.046256239017138025,0.2158708382369614,0.054262375067993356,-0.01893544276743775,0.04452536108830701
4,-0.03341862000000001,0.05044029005468609,0.04688715498828883,0.029476830745021054,0.059418684531601935,-0.010638328408990816,0.0663523762796072
5,-0.03172754,0.1605766771717505,0.05461071750491497,-0.13573878633766423,0.05671859362503219,-0.03935714359660203,0.05368692818275402
6,-0.06885039999999998,-0.14973276686031767,0.04280124887108143,0.28132012413119156,0.04423335534708195,0.2772494500128655,0.03789304447672006
7,-0.01860166000000002,-0.12544419574774857,0.05182933577214913,0.24466598189182065,0.054433302073314274,0.14969150274142073,0.057565481239599765
8,-0.16841256652203235,0.016308721938836257,0.04921068106785675,0.23024174363609173,0.04406779211273931,0.1597190790688785,0.0555374425616766
