key,dI,dB_X,dB_X_err,dB_Y,dB_Y_err,dB_Z,dB_Z_err
1,0.486,-0.01884544665813337,0.15594786912360353,0.09087356207127327,0.1791974859780936,0.12282503505180388,0.18539492555449635
2,0.021,-0.018528932255264863,0.15594786912360353,-0.05237989380548669,0.1791974859780936,-0.10612423461429896,0.18539492555449635
3,0.148,0.0509281836845048,0.15594786912360353,0.2065288586350178,0.1791974859780936,0.007906888618109066,0.18539492555449635
4,0.138,-0.008507291019100194,0.15594786912360353,-0.2097412529062339,0.1791974859780936,0.0024462547760464304,0.18539492555449635
5,-0.14,-0.01072958646074085,0.15594786912360353,-0.0030647595829407237,0.1791974859780936,0.14651550050123774,0.18539492555449635
6,-0.146,0.022290928978549118,0.15594786912360353,-0.14210949048676014,0.1791974859780936,-0.21371583148167872,0.18539492555449635
7,-0.499,0.016115087951618534,0.15594786912360353,-0.0004893240735484028,0.1791974859780936,0.02343476651081744,0.18539492555449635
