key,dI,dB_X,dB_X_err,dB_Y,dB_Y_err,dB_Z,dB_Z_err
1,0.484,-0.0012087204907427207,0.15571416255952628,0.11248602504441862,0.1763179148390102,0.11422406530603267,0.18744093568624376
2,0.025,-0.02335864051135239,0.15571416255952628,-0.04272875753127181,0.1763179148390102,-0.10622277493115463,0.18744093568624376
3,0.139,0.0588584117624853,0.15571416255952628,0.18567381124882587,0.1763179148390102,-0.04696282401167196,0.18744093568624376
4,0.132,-0.0076171641538449455,0.15571416255952628,-0.1917996377522826,0.1763179148390102,-0.04465671342339306,0.18744093568624376
5,-0.137,-0.030484154324178725,0.15571416255952628,-0.01254721493198474,0.1763179148390102,0.18886324806277344,0.18744093568624376
6,-0.148,0.0116014832288025,0.15571416255952628,-0.13381600321393705,0.1763179148390102,-0.16631695954058046,0.18744093568624376
7,-0.499,0.007234084005069973,0.15571416255952628,-0.0064425477096961,0.1763179148390102,0.04195358065570787,0.18744093568624376
