key,dI,dB_X,dB_X_err,dB_Y,dB_Y_err,dB_Z,dB_Z_err
1,0.484,0.07245324933636077,0.2404693471736765,-0.15901563430120547,0.2439720388992704,-0.039537938208369816,0.2679225532999049
2,0.025,-0.04999837436632504,0.2404693471736765,0.21667497008240133,0.2439720388992704,0.04748934104670298,0.2679225532999049
3,0.139,0.18473257879459928,0.2404693471736765,0.2447708809022729,0.2439720388992704,-0.0704787027780216,0.2679225532999049
4,0.132,-0.10037596849137742,0.2404693471736765,-0.18519371891855485,0.2439720388992704,0.1150430010090111,0.2679225532999049
5,-0.137,0.04568270398962415,0.2404693471736765,-0.0444992260872894,0.2439720388992704,0.1851848270215779,0.2679225532999049
6,-0.148,0.05931875409951993,0.2404693471736765,-0.08369887276046484,0.2439720388992704,-0.3870679550487841,0.2679225532999049
7,-0.499,-0.08771416490488804,0.2404693471736765,0.11589491113159768,0.2439720388992704,-0.2392639371016534,0.2679225532999049
