key,dI,dB_X,dB_X_err,dB_Y,dB_Y_err,dB_Z,dB_Z_err
1,0.486,0.05231474169394623,0.3332288427760081,0.20251405989800145,0.24012310338532986,0.2497010188560864,0.3430913916976505
2,0.021,-0.22425751080856493,0.3332288427760081,-0.09530802999003828,0.24012310338532986,0.007830002855872209,0.3430913916976505
3,0.148,0.16993124069753662,0.3332288427760081,0.26459980781426184,0.24012310338532986,0.07919925734432809,0.3430913916976505
4,0.138,-0.44767802849693616,0.3332288427760081,-0.15695534014935986,0.24012310338532986,-0.11960247862732842,0.3430913916976505
5,-0.14,-0.293363353560137,0.3332288427760081,-0.14840300154235295,0.24012310338532986,0.1948415696429464,0.3430913916976505
6,-0.146,0.05348408062219612,0.3332288427760081,-0.20355114691816967,0.24012310338532986,-0.018731750135202674,0.3430913916976505
7,-0.499,-0.1438740482269747,0.3332288427760081,0.1684002907843105,0.24012310338532986,0.023495524327124432,0.3430913916976505
