key,dI,dB_X,dB_X_err,dB_Y,dB_Y_err,dB_Z,dB_Z_err
1,0.486,-0.015179598473650913,0.15528773989508066,0.10289307567985516,0.17174097512300546,0.14276453522382138,0.18748117367991526
2,0.021,-0.024557249134971933,0.15528773989508066,-0.05915528360507594,0.17174097512300546,-0.09926444733067984,0.18748117367991526
3,0.148,0.04162088498756589,0.15528773989508066,0.19304635897230327,0.17174097512300546,-0.012738923812920966,0.18748117367991526
4,0.138,-0.0006313525090888562,0.15528773989508066,-0.20142571280979205,0.17174097512300546,0.00017980778341186718,0.18748117367991526
5,-0.14,0.0023327836306918925,0.15528773989508066,0.0066900117370618534,0.17174097512300546,0.12836532490400288,0.18748117367991526
6,-0.146,-0.0004383233079465753,0.15528773989508066,-0.16321266298260362,0.17174097512300546,-0.2256481325015773,0.18748117367991526
7,-0.499,0.027010666341681144,0.15528773989508066,0.01863493806097694,0.17174097512300546,0.013415376933384238,0.18748117367991526
