key,dI,dB_X,dB_X_err,dB_Y,dB_Y_err,dB_Z,dB_Z_err
1,0.484,0.03780542618944338,0.25574860468075394,0.17848251460861952,0.2990584176426723,0.06970299051242179,0.2604203994216813
2,0.025,0.03824828426991545,0.25574860468075394,-0.1961451187162222,0.2990584176426723,-0.08114561551315448,0.2604203994216813
3,0.139,0.015868827673635618,0.25574860468075394,0.4226155279646893,0.2990584176426723,0.11250865439810552,0.2604203994216813
4,0.132,0.11089334088615388,0.25574860468075394,-0.3646692003813303,0.2990584176426723,0.04856507979755875,0.2604203994216813
5,-0.137,-0.08508495097654034,0.25574860468075394,-0.0005446543259939318,0.2990584176426723,0.3334719766339447,0.2604203994216813
6,-0.148,0.15904207157613115,0.25574860468075394,-0.04870439227719636,0.2990584176426723,-0.3127337787667912,0.2604203994216813
7,-0.499,-0.021166645832632724,0.25574860468075394,0.03569356176245364,0.2990584176426723,0.033016627720027,0.2604203994216813
