key,dI,dB_X,dB_X_err,dB_Y,dB_Y_err,dB_Z,dB_Z_err
1,0.4064641092,0.15376348778471183,0.04427882978034582,-0.09533353609426687,0.048270242552913345,0.13922757091556193,0.05276722097092165
2,0.07646194000000006,0.26797875404079896,0.047331094230903654,0.007875814931389336,0.04896769088885646,-0.1586815460991442,0.047436113820538
3,0.10491910999999987,0.012744220608162493,0.05039628511613963,0.062062087750639705,0.05183895663221009,0.11962725536354668,0.04397965191392264
4,-0.10483928999999992,0.08629398730372273,0.05654763949653768,0.04114634375350601,0.04791633205455433,0.10166164008979273,0.06389095778973033
5,-0.13280804363636356,0.009324474714233588,0.04519540433493805,0.027304243721852473,0.037575246105235646,0.049941216153346346,0.04749515752951167
6,-0.25201328,0.26838252663271334,0.05129375305980703,0.05625994734830897,0.0621812181269611,0.6030004549104664,0.04922537239712162
