key,dI,dB_X,dB_X_err,dB_Y,dB_Y_err,dB_Z,dB_Z_err
1,0.1655530132,-0.17315815829772063,0.045381500667286336,-0.2950862357628985,0.04978084613850783,-0.27939229914315966,0.03691541175011432
2,0.014177519999999999,0.13100035838600377,0.04256502840839582,0.1937219115370752,0.04875868019611719,0.022722839232333314,0.03963634496582872
3,0.010737740000000023,0.02827225638978348,0.03923561071307773,-0.13038801401734545,0.05004897202823446,0.13682585427366156,0.05242027477371994
4,-0.016334560000000026,-0.06615822051746179,0.0564204699376739,-0.027775396837608213,0.059660336821014806,0.23802351542538958,0.041882357660257746
5,0.15806114,0.09033662285620636,0.07382254720408948,0.12854390385059844,0.03517939120130349,0.06593604266111086,0.05694425147672374
6,-0.07530806000000007,-0.02247789079962459,0.04080079290336241,0.09291554195305451,0.0332122915917531,-0.0694238197151531,0.042571861857655484
7,-0.20214647540000003,0.011143521267081624,0.05403675336668058,-0.1705427243237132,0.032800718789639714,-0.13828014152918833,0.050394660692116296
