key,dI,dB_X,dB_X_err,dB_Y,dB_Y_err,dB_Z,dB_Z_err
1,0.7823615082666666,0.028935748650923188,0.1829269961891008,0.17751664061262673,0.14086878627144267,0.035901180979960756,0.19095130902721671
2,0.3102999999999998,0.06740836519446702,0.1829269961891008,-0.08340022680117443,0.14086878627144267,-0.12313989227275535,0.19095130902721671
3,0.31105326666666633,-0.08826870278036836,0.1829269961891008,0.06317119763393642,0.14086878627144267,-0.16579149579771624,0.19095130902721671
4,-0.18836816666666678,0.11187711655026078,0.1829269961891008,-0.026698280531213925,0.14086878627144267,0.05385417792711422,0.19095130902721671
