key,dI,dB_X,dB_X_err,dB_Y,dB_Y_err,dB_Z,dB_Z_err
1,0.7823615082666666,-0.31633602417049467,0.32575640339540923,0.17368786698220623,0.27485415423632303,-0.12423224473886307,0.3025564889947024
2,0.3102999999999998,-0.08706596630270624,0.32575640339540923,0.10663454449428494,0.27485415423632303,-0.22574806317578577,0.3025564889947024
3,0.31105326666666633,-0.26301072185432695,0.32575640339540923,0.034236685925014415,0.27485415423632303,-0.5067875280685392,0.3025564889947024
4,-0.18836816666666678,0.021532653443747662,0.32575640339540923,0.10108965073290115,0.27485415423632303,0.029673559583734743,0.3025564889947024
