key,dI,dB_X,dB_X_err,dB_Y,dB_Y_err,dB_Z,dB_Z_err
1,0.7823615082666666,0.004976791668241276,0.3049674292336634,0.8653977042681191,0.25272283072682217,0.16004936437937545,0.2495364875373843
2,0.3102999999999998,-0.17118610927640532,0.3049674292336634,0.15953503260195845,0.25272283072682217,-0.10513791045040222,0.2495364875373843
3,0.31105326666666633,0.042824858783440334,0.3049674292336634,0.16237003416868134,0.25272283072682217,-0.44991446433774485,0.2495364875373843
4,-0.18836816666666678,0.06647757041505287,0.3049674292336634,-0.20724011027693479,0.25272283072682217,0.11344138023394379,0.2495364875373843
