key,dI,dB_X,dB_X_err,dB_Y,dB_Y_err,dB_Z,dB_Z_err
1,0.7823615082666666,4.231819488864858,6.1217884044754864,-1.8142495067950222,2.5878079222056685,0.7309659107704647,5.633539451341889
2,0.3102999999999998,-8.662917048408417,6.1217884044754864,3.9037472311683814,2.5878079222056685,-7.8137020044378005,5.633539451341889
3,0.31105326666666633,2.536236347950762,6.1217884044754864,0.016458998041343875,2.5878079222056685,1.396061253733933,5.633539451341889
4,-0.18836816666666678,-3.2475768757867627,6.1217884044754864,0.1961646169438609,2.5878079222056685,-0.4307317928178236,5.633539451341889
