key,dI,dB_X,dB_X_err,dB_Y,dB_Y_err,dB_Z,dB_Z_err
1,0.7823615082666666,0.12903077738865676,0.3159831973709406,0.15389941480052372,0.24184335823990025,0.6635733524836489,0.33809531199402315
2,0.3102999999999998,0.1360679336518409,0.3159831973709406,0.17678260099097898,0.24184335823990025,-0.044588254660386184,0.33809531199402315
3,0.31105326666666633,-0.3073648176992734,0.3159831973709406,0.07657703257404158,0.24184335823990025,-0.05606917662166744,0.33809531199402315
4,-0.18836816666666678,0.18716956657254613,0.3159831973709406,-0.2576587110384674,0.24184335823990025,0.2304083375515642,0.33809531199402315
