key,dI,dB_X,dB_X_err,dB_Y,dB_Y_err,dB_Z,dB_Z_err
1,0.7823615082666666,0.068253073350661,0.2981709236511608,0.07268766653339154,0.2755442590876861,-0.08157610736617471,0.2612449397486718
2,0.3102999999999998,0.2628707336317717,0.2981709236511608,0.04446342033713613,0.2755442590876861,-0.28075387976445043,0.2612449397486718
3,0.31105326666666633,-0.14025655558084793,0.2981709236511608,0.15187707060776856,0.2755442590876861,0.06567967465748481,0.2612449397486718
4,-0.18836816666666678,0.10373210530870836,0.2981709236511608,-0.09593123808085458,0.2755442590876861,0.2011095230961395,0.2612449397486718
