key,dI,dB_X,dB_X_err,dB_Y,dB_Y_err,dB_Z,dB_Z_err
1,0.7823615082666666,-0.009950604574706645,0.2006988256172399,0.10213288216448291,0.14507768463129808,-0.028519426355721578,0.22501390441406646
2,0.3102999999999998,0.045199623977782544,0.2006988256172399,-0.08782778967337634,0.14507768463129808,-0.08888983297472919,0.22501390441406646
3,0.31105326666666633,-0.12004157286046091,0.2006988256172399,0.05992502413215561,0.14507768463129808,-0.1332341344394692,0.22501390441406646
4,-0.18836816666666678,0.1379189902817881,0.2006988256172399,-0.005668808441789963,0.14507768463129808,0.02912093914723357,0.22501390441406646
