key,dI,dB_X,dB_X_err,dB_Y,dB_Y_err,dB_Z,dB_Z_err
1,0.7823615082666666,0.3266798326536051,0.33031817664664803,0.03152726131054839,0.3323049016325049,0.024181593024527714,0.26386302304116005
2,0.3102999999999998,-0.23363695651021388,0.33031817664664803,0.020257029222317424,0.3323049016325049,-0.10947824910133441,0.26386302304116005
3,0.31105326666666633,-0.19787568660129295,0.33031817664664803,-0.1757570524640717,0.3323049016325049,-0.04616325128055898,0.26386302304116005
4,-0.18836816666666678,-0.12127289568518584,0.33031817664664803,-0.1363482250759045,0.3323049016325049,-0.05902881352675671,0.26386302304116005
