key,dI,dB_X,dB_X_err,dB_Y,dB_Y_err,dB_Z,dB_Z_err
1,0.7823615082666666,0.2414438958891303,0.27815828516570795,0.17881232477699882,0.2238401307253525,-0.27782058508037233,0.2749060019336722
2,0.3102999999999998,0.2551020258696495,0.27815828516570795,-0.03476654632812881,0.2238401307253525,-0.11894018199386291,0.2749060019336722
3,0.31105326666666633,-0.2325562916713162,0.27815828516570795,0.2744893790708929,0.2238401307253525,-0.10034082396967614,0.2749060019336722
4,-0.18836816666666678,-0.025023871266814268,0.27815828516570795,-0.07830554863293315,0.2238401307253525,0.12605060479455044,0.2749060019336722
