key,dI,dB_X,dB_X_err,dB_Y,dB_Y_err,dB_Z,dB_Z_err
1,0.7823615082666666,-0.03146723579995481,0.3054759027562873,0.2926686483432128,0.1976110647840052,0.3110801835449042,0.2451370291479421
2,0.3102999999999998,-0.025948185709687266,0.3054759027562873,0.024286321867217353,0.1976110647840052,-0.14492187925997957,0.2451370291479421
3,0.31105326666666633,-0.0564254628839187,0.3054759027562873,0.036579081931352064,0.1976110647840052,-0.22719587702795963,0.2451370291479421
4,-0.18836816666666678,0.05251954876178644,0.3054759027562873,0.08075512133568274,0.1976110647840052,0.09529375476708601,0.2451370291479421
