key,dI,dB_X,dB_X_err,dB_Y,dB_Y_err,dB_Z,dB_Z_err
1,0.7823615082666666,0.0032222572556577234,0.1825986992147356,0.16440155618652597,0.14098284146244575,0.036499466552314175,0.18828613753264214
2,0.3102999999999998,0.09209560972672648,0.1825986992147356,-0.07054943848092421,0.14098284146244575,-0.12911909894627627,0.18828613753264214
3,0.31105326666666633,-0.06752175523897108,0.1825986992147356,0.09851907384695835,0.14098284146244575,-0.17850750628593914,0.18828613753264214
4,-0.18836816666666678,0.1092203046511031,0.1825986992147356,-0.033547112369809895,0.14098284146244575,0.05877248671940549,0.18828613753264214
