key,dI,dB_X,dB_X_err,dB_Y,dB_Y_err,dB_Z,dB_Z_err
1,0.7823615082666666,-0.09208578141806711,0.23467106090128784,0.19475643251522534,0.19865399561593108,0.04406944862181561,0.2407761247541213
2,0.3102999999999998,0.03470631000566371,0.23467106090128784,0.02050538809310609,0.19865399561593108,-0.16105580967289868,0.2407761247541213
3,0.31105326666666633,0.06508340412710112,0.23467106090128784,0.10983793675416997,0.19865399561593108,-0.21880332176445094,0.2407761247541213
4,-0.18836816666666678,0.18069770330357215,0.23467106090128784,0.06626952824966637,0.19865399561593108,0.09829485028672025,0.2407761247541213
