key,dI,dB_X,dB_X_err,dB_Y,dB_Y_err,dB_Z,dB_Z_err
1,0.26676736,0.3087421275742024,0.055558008591899466,0.08999186906643697,0.06200045145539356,0.10918925447830219,0.06378694867457839
2,0.023457180000000077,0.032146327038169886,0.05472770728163329,-0.17525113552477034,0.06202495522392073,-0.017947724508522,0.05750926173750267
3,0.09207347999999993,0.3097205252380064,0.041347688612866286,0.10142699557882473,0.03611515651606865,-0.04270136916892042,0.04650885210194653
4,0.10994563999999996,-0.15583455064772878,0.04194016435182352,-0.44443963738323067,0.039105530141583814,-0.16553387493243044,0.04773723792511163
5,-0.10787117999999996,0.07492215734900753,0.04799402589231961,0.1555651228853474,0.052738341280409884,0.039138786598639896,0.06771981850439743
6,-0.08936073999999994,0.10121859046440917,0.05829860898107167,-0.2781403344870963,0.05815019408095934,0.00866201096038921,0.05869224520710695
7,-0.39792342,-0.04871351338163876,0.0478137909000059,-0.01592587624834696,0.05272788250089901,0.1817668800672756,0.04828807603032505
