key,dI,dB_X,dB_X_err,dB_Y,dB_Y_err,dB_Z,dB_Z_err
1,0.56235046,-0.031133209896665903,0.027687527801581856,-0.07997215963820103,0.03600069706716203,-0.19179603111817478,0.032524037347615394
2,0.1032263,0.12352840016947653,0.044089326780993456,0.03976000836669691,0.033826930423949596,0.1744476357959348,0.04473630400548956
3,0.11040586000000008,0.09168281588779337,0.03453772105429098,-0.044324821647530044,0.028701244284425952,-0.14444160503464687,0.03339936756335925
4,-0.23596860000000008,-0.2138406732881606,0.03280440430946743,0.2627881697197143,0.025650847015440403,0.10676211293273585,0.03240899197922986
5,-0.4545609280000001,0.09581947284706871,0.03164271339540662,0.1292833541674181,0.03775769314200371,0.08426887707769826,0.02770665616662788
