key,dI,dB_X,dB_X_err,dB_Y,dB_Y_err,dB_Z,dB_Z_err
1,0.1984157453742389,-0.03847627235646822,0.28096600581476844,0.2270265768583002,0.23134232193723717,0.008146809188183557,0.2807924817668363
2,0.01880301000000001,-0.017223539395890164,0.28378305636005635,-0.0805627267102409,0.23192899209517515,0.034946359742060285,0.2784135833468925
3,-0.013810349999999916,-0.18922731353890754,0.2812930184137333,-0.05864754048131715,0.2283009665856895,-0.15059419819801168,0.27823460772136177
4,-0.21756953325696943,0.2817453697499168,0.2838686768027704,-0.15304543123890824,0.22790326071094608,-0.18244248499835214,0.2775729507295717
