key,dI,dB_X,dB_X_err,dB_Y,dB_Y_err,dB_Z,dB_Z_err
1,0.1984157453742389,0.05168769777145599,0.32575640339540923,-0.051077462671820666,0.27485415423632303,0.14704586540296205,0.3025564889947024
2,0.01880301000000001,-0.10804208756631796,0.32575640339540923,-0.07731204077031872,0.27485415423632303,-0.28110052408002417,0.3025564889947024
3,-0.013810349999999916,-0.023901997379176976,0.32575640339540923,-0.09105399045245033,0.27485415423632303,-0.27558083774358977,0.3025564889947024
4,-0.21756953325696946,0.2457534592385482,0.32575640339540923,0.3281409657942205,0.27485415423632303,0.08758774407095515,0.3025564889947024
