key,dI,dB_X,dB_X_err,dB_Y,dB_Y_err,dB_Z,dB_Z_err
1,0.1984157453742389,0.06624889166508652,0.31076141547114156,0.06527193078941451,0.20394716941080065,0.060256211710006724,0.25499923145579956
2,0.01880301000000001,0.025767959094782356,0.3128984807021491,-0.032276750295137546,0.20603367005919282,-0.08170356171137527,0.24952084191454507
3,-0.013810349999999916,0.1310625220845516,0.3079664835302676,-0.06366499816456539,0.20296861749889009,-0.004927361745126646,0.2499894980503938
4,-0.21756953325696943,0.09996723928730944,0.3098277905221203,0.2999848627056174,0.20264101991744696,-0.29687509181878724,0.2499642354534763
