key,dI,dB_X,dB_X_err,dB_Y,dB_Y_err,dB_Z,dB_Z_err
1,0.1984157453742389,0.1239226481436262,0.33031817664664803,-0.2738275331482693,0.3323049016325049,-0.2931477033738936,0.26386302304116005
2,0.01880301000000001,0.18167792921983586,0.33031817664664803,-0.02233257365016428,0.3323049016325049,-0.0700654126353708,0.26386302304116005
3,-0.013810349999999916,-0.005132070171912417,0.33031817664664803,-0.1284804071747665,0.3323049016325049,-0.010068434167914477,0.26386302304116005
4,-0.21756953325696946,0.016984775732165502,0.33031817664664803,0.04530514618259218,0.3323049016325049,0.05132864394656167,0.26386302304116005
