key,dI,dB_X,dB_X_err,dB_Y,dB_Y_err,dB_Z,dB_Z_err
1,0.1984157453742389,0.100768798901953,0.1829269961891008,-0.03524326793308852,0.14086878627144267,-0.03824153540209352,0.19095130902721671
2,0.01880301000000001,0.1533668892393507,0.1829269961891008,-0.1129336946213444,0.14086878627144267,-0.10549800840041357,0.19095130902721671
3,-0.013810349999999916,0.02036924511398297,0.1829269961891008,-0.08619994117215413,0.14086878627144267,-0.06689027132726721,0.19095130902721671
4,-0.21756953325696946,0.05446906505332549,0.1829269961891008,0.06622671336054076,0.14086878627144267,-0.06959221320957454,0.19095130902721671
