key,dI,dB_X,dB_X_err,dB_Y,dB_Y_err,dB_Z,dB_Z_err
1,0.1984157453742389,15.398252985294675,6.235604814618839,-2.931925149016024,2.6496347615398066,2.097275937383529,5.719690052423881
2,0.01880301000000001,-19.70409221400041,6.17426795543983,8.973504545298056,2.635831140619857,-16.052108651027083,5.7104666288258334
3,-0.013810349999999916,7.124946363081108,6.186839828137386,-4.356078654687735,2.643616746838942,7.669347288203426,5.738041813267783
4,-0.21756953325696943,-1.0786285448702984,6.234105245979878,0.3774544953703298,2.661758825441233,3.082788775616791,5.740617223672176
