key,dI,dB_X,dB_X_err,dB_Y,dB_Y_err,dB_Z,dB_Z_err
1,0.1984157453742389,0.008870855646041065,0.23872610532584643,-0.04995965403112379,0.20365104436508527,-0.058650327812088676,0.2476003266775379
2,0.01880301000000001,0.20926329396829146,0.24173930830828733,-0.11702778026565674,0.20451141945082532,-0.168742240132584,0.24650189135009215
3,-0.013810349999999916,0.14888835289240987,0.23821792718566218,-0.11429720219834039,0.20560039197505744,-0.08664343342528014,0.24522799399250955
4,-0.21756953325696943,0.22787351749919083,0.24032764790323974,-0.07606801094847881,0.20435053307749992,-0.2067755007581411,0.24584715899921755
