key,dI,dB_X,dB_X_err,dB_Y,dB_Y_err,dB_Z,dB_Z_err
1,0.1984157453742389,15.398252985294675,6.1217884044754864,-2.931925149016024,2.5878079222056685,2.097275937383529,5.633539451341889
2,0.01880301000000001,-19.70409221400041,6.1217884044754864,8.973504545298056,2.5878079222056685,-16.052108651027087,5.633539451341889
3,-0.013810349999999916,7.124946363081107,6.1217884044754864,-4.356078654687735,2.5878079222056685,7.669347288203426,5.633539451341889
4,-0.21756953325696946,-1.0786285448702984,6.1217884044754864,0.3774544953703298,2.5878079222056685,3.082788775616791,5.633539451341889
