key,dI,dB_X,dB_X_err,dB_Y,dB_Y_err,dB_Z,dB_Z_err
1,0.1984157453742389,0.12392264814362619,0.33284941479485214,-0.27382753314826935,0.3368170740278407,-0.2931477033738936,0.2698406701339481
2,0.01880301000000001,0.18167792921983583,0.3330856276797846,-0.022332573650164278,0.33775252716059223,-0.0700654126353708,0.270448961756219
3,-0.013810349999999916,-0.005132070171912417,0.3345409756396411,-0.1284804071747665,0.3362635995463192,-0.010068434167914475,0.26741949994436165
4,-0.21756953325696943,0.016984775732165502,0.33336734286973346,0.04530514618259218,0.33450245374101434,0.05132864394656167,0.268351832028674
