key,dI,dB_X,dB_X_err,dB_Y,dB_Y_err,dB_Z,dB_Z_err
1,0.1984157453742389,0.16640381542025295,0.31079085017493957,0.4503317740548596,0.258417558485793,-0.02211752389094812,0.2585007877203395
2,0.01880301000000001,0.18447929809025254,0.3125025765046631,-0.21110286680906398,0.2616210125236295,-0.09917455650870721,0.2575946249854147
3,-0.013810349999999916,-0.10387369367245469,0.30938939803236887,-0.04938916942006699,0.25858891382390287,-0.044185550983556254,0.25440616803986155
4,-0.21756953325696943,-0.5608130110542291,0.30926687720857193,-0.16834901559554538,0.25900707297905096,0.034456748955683736,0.25308217832189633
