key,dI,dB_X,dB_X_err,dB_Y,dB_Y_err,dB_Z,dB_Z_err
1,0.1984157453742389,0.10889353887439057,0.31970950108586316,0.25131092349708073,0.24648493327540286,-0.15845516233988555,0.34479883630681757
2,0.01880301000000001,0.1638889216857038,0.3204417699088079,-0.18720429172130348,0.2477542328586405,-0.04431392865850903,0.3439001531034067
3,-0.013810349999999916,-0.09706799983819892,0.32091221689187144,-0.19603546465693267,0.24479741501092372,0.05713580013601316,0.34299804956312197
4,-0.21756953325696943,-0.36462708705211355,0.3217099139822816,0.16556644915418417,0.24667908392299637,-0.41724104052260635,0.342233282363272
