key,dI,dB_X,dB_X_err,dB_Y,dB_Y_err,dB_Z,dB_Z_err
1,0.1984157453742389,0.05168769777145599,0.3300441833286169,-0.05107746267182067,0.2832842428248155,0.14704586540296205,0.30882143996728095
2,0.01880301000000001,-0.10804208756631795,0.3317294026712319,-0.07731204077031872,0.28259275414656526,-0.28110052408002417,0.3067726311077535
3,-0.013810349999999916,-0.023901997379176976,0.3287779969506561,-0.09105399045245033,0.27996514476770307,-0.27558083774358977,0.3089788781298906
4,-0.21756953325696943,0.2457534592385482,0.32877500036251356,0.3281409657942205,0.27929232144271177,0.08758774407095515,0.3068268536632088
