key,dI,dB_X,dB_X_err,dB_Y,dB_Y_err,dB_Z,dB_Z_err
1,0.1984157453742389,0.10435722742033704,0.1849746331947721,-0.012504619231727077,0.14868802243817822,-0.0353585854651044,0.19516207471501532
2,0.01880301000000001,0.150357855467945,0.18772085677532277,-0.10343108636310205,0.14971984029343519,-0.07773364128109961,0.19334469207836533
3,-0.013810349999999916,0.02710026048757186,0.18578405142614934,-0.10405641632812745,0.1463050381117175,-0.0792782246187329,0.191337403104566
4,-0.21756953325696943,0.05487425082918662,0.1859340848957906,0.06816050100627535,0.14446601698214792,-0.060139571722430674,0.19223778042134584
