key,dI,dB_X,dB_X_err,dB_Y,dB_Y_err,dB_Z,dB_Z_err
1,0.1984157453742389,0.100768798901953,0.18553573458040146,-0.03524326793308852,0.14837418090369592,-0.03824153540209352,0.1982635596036108
2,0.01880301000000001,0.1533668892393507,0.1881022069336082,-0.1129336946213444,0.14923669316127455,-0.10549800840041357,0.19634981539318663
3,-0.013810349999999916,0.02036924511398297,0.1862164677158284,-0.08619994117215413,0.1461157312947933,-0.06689027132726721,0.1941120464192191
4,-0.21756953325696943,0.054469065053325494,0.18612842621428663,0.06622671336054076,0.14450325685004292,-0.06959221320957454,0.19482034389556316
