key,dI,dB_X,dB_X_err,dB_Y,dB_Y_err,dB_Z,dB_Z_err
1,0.1984157453742389,0.1368621116712987,0.30355588204741574,0.047497071511811706,0.28090426597299095,-0.09513519196037734,0.2669127438735329
2,0.01880301000000001,0.2758366277775508,0.30409518646342276,0.002771696496192355,0.2813356462908609,0.07662266988166522,0.26561402363933717
3,-0.013810349999999916,0.08161904044484913,0.30482316953799954,-0.0505141917983889,0.28368489991477647,0.3887446117265938,0.2654873310058835
4,-0.21756953325696943,0.1169374484169623,0.3017960818632901,-0.06380664506671518,0.28209873506516325,-0.18081004632153252,0.2655967319734056
