key,dI,dB_X,dB_X_err,dB_Y,dB_Y_err,dB_Z,dB_Z_err
1,0.1984157453742389,0.19357598876774418,0.2029302835167701,-0.2570290891807119,0.15223343941067,-0.0560349807602023,0.23082125180222407
2,0.01880301000000001,0.1258361368433416,0.20536565493057934,-0.12113960820611425,0.1527187770422749,-0.07057724772926122,0.229214767542908
3,-0.013810349999999916,-0.012223233495881836,0.20382890677275994,-0.07171220532994482,0.15011335628346392,0.01588689272492161,0.228380725618782
4,-0.21756953325696943,-0.0205912638022685,0.20382495861284822,0.2944447639988823,0.14873966209652803,-0.0003590548148935113,0.22822628525873823
