key,dI,dB_X,dB_X_err,dB_Y,dB_Y_err,dB_Z,dB_Z_err
1,0.08240720863333334,-0.01679307520693385,0.059074624601899856,0.35314717684930486,0.04278803265844085,0.31495041278699887,0.04971329400226639
2,-0.08240121150000002,-0.12179136634218679,0.04368598342916548,0.07432963677916149,0.04481555744649932,-0.044724163184064025,0.04534770947870467
