key,dI,dB_X,dB_X_err,dB_Y,dB_Y_err,dB_Z,dB_Z_err
1,0.08240720863333334,0.10885537949275115,0.06143334262486573,-0.019161069024995925,0.04143461013157656,0.1903244848729695,0.047607122832256064
2,-0.08240121150000002,0.0007421497891222373,0.03845265130078507,-0.18005062294624707,0.055806604963546,0.20045994730844185,0.04493807648204182
