key,dI,dB_X,dB_X_err,dB_Y,dB_Y_err,dB_Z,dB_Z_err
1,0.08240720863333334,0.15138594751638834,0.07250446733810151,-0.045458534724250654,0.0471588886699243,0.004050499245012773,0.04584786072945338
2,-0.08240121150000002,0.05176709493209941,0.04067792152738019,-0.04399848803189599,0.04580082587930569,-0.061422791492724116,0.05540286420907305
