key,dI,dB_X,dB_X_err,dB_Y,dB_Y_err,dB_Z,dB_Z_err
1,0.08240720863333334,0.18869160370893834,0.04545241178022727,-0.0078324979809139,0.03325489033919083,0.11874164830678069,0.035181746744252576
2,-0.08240121150000002,0.03614245191828136,0.03129101578849819,-0.02793586201396181,0.03068171086196819,-0.03196900814953807,0.04064764491977137
