key,dI,dB_X,dB_X_err,dB_Y,dB_Y_err,dB_Z,dB_Z_err
1,0.1984157453742389,0.19357598876774418,0.030011353919099128,-0.25702908918069767,0.046124673406147114,-0.0560349807602023,0.051450880496674616
2,0.01880301000000001,0.1258361368433416,0.043531983884570684,-0.12113960820612135,0.04770209935956371,-0.07057724772926122,0.043682404696705174
3,-0.013810349999999916,-0.012223233495881836,0.03558376922192477,-0.07171220532994482,0.03855496280257309,0.01588689272492161,0.03907043197225666
4,-0.21756953325696943,-0.0205912638022685,0.03556114662648012,0.2944447639988823,0.03280171493399332,-0.00035905481487930047,0.03815730733870412
