key,dI,dB_X,dB_X_err,dB_Y,dB_Y_err,dB_Z,dB_Z_err
1,0.1984157453742389,0.05168769777145599,0.05302762106620543,-0.05107746267182067,0.06859414065257023,0.14704586540296205,0.061889035787152775
2,0.01880301000000001,-0.10804208756631795,0.06266707463652445,-0.07731204077031872,0.06567997103513844,-0.28110052408002417,0.05068548277339735
3,-0.013810349999999916,-0.023901997379176976,0.044471754246634604,-0.09105399045245033,0.05325106744316487,-0.27558083774358977,0.06266991381519792
4,-0.21756953325696943,0.2457534592385482,0.04444959516416545,0.3281409657942205,0.04959228484244877,0.08758774407095515,0.05101263663115908
