key,dI,dB_X,dB_X_err,dB_Y,dB_Y_err,dB_Z,dB_Z_err
1,0.1984157453742389,0.16640381542025295,0.05988171389558144,0.4503317740548596,0.05395188007085777,-0.022117523890941015,0.06748480302661386
2,0.01880301000000001,0.18447929809025254,0.06821090403053863,-0.21110286680906398,0.06765149682979008,-0.09917455650870721,0.06392599008917506
3,-0.013810349999999916,-0.10387369367245469,0.05212165309583034,-0.04938916942006699,0.05476675252420809,-0.044185550983556254,0.04953826525254121
4,-0.21756953325696943,-0.5608130110542291,0.05138938066325016,-0.16834901559554538,0.05670832992248507,0.034456748955683736,0.042215285995252684
