key,dI,dB_X,dB_X_err,dB_Y,dB_Y_err,dB_Z,dB_Z_err
1,0.1984157453742389,0.06624889166508652,0.057071272816179346,0.06527193078941451,0.05044120325299075,0.060256211710006724,0.07023136751886165
2,0.01880301000000001,0.025767959094782356,0.06774903734330463,-0.032276750295137546,0.05830729176519886,-0.0817035617113735,0.046567021488005574
3,-0.013810349999999916,0.1310625220845516,0.039087438048942595,-0.06366499816456539,0.04632630747580089,-0.004927361745126646,0.049016181777131844
4,-0.21756953325696943,0.09996723928730944,0.05174681260763971,0.2999848627056174,0.044869254820142014,-0.29687509181878724,0.04888717568403723
