key,dI,dB_X,dB_X_err,dB_Y,dB_Y_err,dB_Z,dB_Z_err
1,0.1984157453742389,0.10435722742033704,0.02955215678469144,-0.012504619231727077,0.04724369195724501,-0.0353585854651044,0.051347500621823666
2,0.01880301000000001,0.150357855467945,0.043552670567346186,-0.10343108636310205,0.050397112919954266,-0.07773364128109961,0.043937459734455175
3,-0.013810349999999916,0.02710026048757186,0.03425534716508653,-0.10405641632813456,0.039102462710755126,-0.0792782246187329,0.034034280363159586
4,-0.21756953325696943,0.05487425082918662,0.03505993398626971,0.06816050100627535,0.03153202302201927,-0.060139571722430674,0.038777501651918435
