key,dI,dB_X,dB_X_err,dB_Y,dB_Y_err,dB_Z,dB_Z_err
1,0.08240720863333334,0.15356913369743097,0.04667809615655473,-0.013504567130500078,0.0337586716003487,0.1302861094454162,0.03580650030281265
2,-0.08240121150000002,0.03180774288608745,0.032411786510443526,-0.03360380002172114,0.030040274441243384,-0.03131742971655527,0.04068535983825461
