key,dI,dB_X,dB_X_err,dB_Y,dB_Y_err,dB_Z,dB_Z_err
1,0.08240720863333334,0.29132510521193566,0.059168736730685914,-0.365595365908999,0.031023212466919168,0.1365233371061194,0.046313702359664546
2,-0.08240121150000002,0.12963338360305166,0.05336068265811028,0.05201341313969143,0.04237933819418723,-0.11776983573458111,0.054638391710969826
