key,dI,dB_X,dB_X_err,dB_Y,dB_Y_err,dB_Z,dB_Z_err
1,0.08240720863333334,0.15660835454190192,0.04683534334316313,-0.010509068147868561,0.033947275204759396,0.1208434006046133,0.03535436699824615
2,-0.08240121150000002,0.041882969069462206,0.03149555819331457,-0.022253287382575593,0.030590573787882675,-0.029518863063898948,0.03991776256747096
