key,dI,dB_X,dB_X_err,dB_Y,dB_Y_err,dB_Z,dB_Z_err
1,0.58,0.0675476556735326,0.3054759027562873,-0.17842499588460647,0.1976110647840052,0.027410641519143297,0.2451370291479421
2,0.129,0.029315120341234287,0.3054759027562873,-0.0016275265234728664,0.1976110647840052,0.08795956915293246,0.2451370291479421
3,0.178,0.08205695101651145,0.3054759027562873,0.1364295289327302,0.1976110647840052,-0.01967521402145956,0.2451370291479421
4,-0.261,-0.3836288469545277,0.3054759027562873,-0.13870230663885152,0.1976110647840052,-0.09809750742067358,0.2451370291479421
5,-0.573,-0.303037135442894,0.3054759027562873,-0.469970591770899,0.1976110647840052,-0.1318054434840885,0.2451370291479421
