key,dI,dB_X,dB_X_err,dB_Y,dB_Y_err,dB_Z,dB_Z_err
1,0.58,0.20624284993328426,0.33031817664664803,-0.09451164418179124,0.3323049016325049,-0.16610857194873851,0.26386302304116005
2,0.129,-0.1901334263747465,0.33031817664664803,-0.029101351089440893,0.3323049016325049,-0.19351473732572624,0.26386302304116005
3,0.178,-0.025788635341131183,0.33031817664664803,0.2391386023260517,0.3323049016325049,0.061437479001327226,0.26386302304116005
4,-0.261,-0.2451323049549039,0.33031817664664803,-0.23351383513174184,0.3323049016325049,-0.241925260841418,0.26386302304116005
5,-0.573,-0.2369824362265156,0.33031817664664803,-0.4031894428590279,0.3323049016325049,-0.019865317948758232,0.26386302304116005
