key,dI,dB_X,dB_X_err,dB_Y,dB_Y_err,dB_Z,dB_Z_err
1,0.58,-0.3805130522632609,0.3159831973709406,-0.19950444951536367,0.24184335823990025,-0.3691276116279134,0.33809531199402315
2,0.129,-0.1108826369397029,0.3159831973709406,-0.0014300144984717988,0.24184335823990025,-0.14812243694068528,0.33809531199402315
3,0.178,-0.07847602033324819,0.3159831973709406,-0.0442558089854419,0.24184335823990025,0.12475891599340372,0.33809531199402315
4,-0.261,0.17545024569262324,0.3159831973709406,-0.19335207838167268,0.24184335823990025,-0.004669307184892446,0.33809531199402315
5,-0.573,-0.3687331426003091,0.3159831973709406,-0.3056317984549253,0.24184335823990025,-0.12394071341543622,0.33809531199402315
