key,dI,dB_X,dB_X_err,dB_Y,dB_Y_err,dB_Z,dB_Z_err
1,0.34353174090000005,-0.1982583926386212,0.2981709236511608,-0.13560847869312356,0.2755442590876861,0.13965592850838604,0.2612449397486718
2,0.10210948000000007,-0.2282731116088925,0.2981709236511608,-0.23150375316183625,0.2755442590876861,-0.21496230833166408,0.2612449397486718
3,0.14303304000000006,0.07572069604514553,0.2981709236511608,0.257972620541008,0.2755442590876861,0.10896764442571084,0.2612449397486718
4,-0.2125266535353535,-0.25430246843331616,0.2981709236511608,-0.13337347385412635,0.2755442590876861,0.06908014022283737,0.2612449397486718
5,-0.5744534373535353,-0.30628163333894776,0.2981709236511608,-0.14004674687700147,0.2755442590876861,0.10799481805984712,0.2612449397486718
