key,dI,dB_X,dB_X_err,dB_Y,dB_Y_err,dB_Z,dB_Z_err
1,0.58,-0.08589185789937838,0.32575640339540923,0.07467481069146631,0.27485415423632303,-0.01250695083991715,0.3025564889947024
2,0.129,-0.1330401582756604,0.32575640339540923,0.20114781976613733,0.27485415423632303,-0.05041831678038733,0.3025564889947024
3,0.178,0.060970950772382786,0.32575640339540923,0.21702734644705,0.27485415423632303,0.0030301306000168893,0.3025564889947024
4,-0.261,-0.26893323823811605,0.32575640339540923,0.2219162809137467,0.27485415423632303,-0.2300496981545024,0.3025564889947024
5,-0.573,0.07289386267028952,0.32575640339540923,-0.7287940217088473,0.27485415423632303,0.13875801627098738,0.3025564889947024
