key,dI,dB_X,dB_X_err,dB_Y,dB_Y_err,dB_Z,dB_Z_err
1,0.58,-0.4551609045244689,0.27815828516570795,-0.8527504542664843,0.2238401307253525,0.03990687320089492,0.2749060019336722
2,0.129,-0.05022206718174882,0.27815828516570795,-0.15006214784239802,0.2238401307253525,-0.06296242800522034,0.2749060019336722
3,0.178,-0.15002697124467712,0.27815828516570795,0.02702980014824874,0.2238401307253525,0.07532530056960329,0.2749060019336722
4,-0.261,-0.1877837229310684,0.27815828516570795,-0.03709921191076404,0.2238401307253525,-0.5481436966978221,0.2749060019336722
5,-0.573,0.4582884062738852,0.27815828516570795,0.4890050936557984,0.2238401307253525,0.12627070478525582,0.2749060019336722
