key,dI,dB_X,dB_X_err,dB_Y,dB_Y_err,dB_Z,dB_Z_err
1,0.58,-0.0199474404783544,0.23467106090128784,0.08456777396854953,0.19865399561593108,-0.09741717336660473,0.2407761247541213
2,0.129,-0.23181178445382505,0.23467106090128784,0.15597667694560613,0.19865399561593108,0.015106781285055604,0.2407761247541213
3,0.178,0.029210962740766174,0.23467106090128784,0.0571463783608408,0.19865399561593108,-0.1681640650068985,0.2407761247541213
4,-0.261,-0.14783968930387206,0.23467106090128784,-0.0016296656198111492,0.19865399561593108,-0.2582549424974303,0.2407761247541213
5,-0.573,-0.39101332940691336,0.23467106090128784,-0.3866654072490192,0.19865399561593108,0.09022987025732476,0.2407761247541213
