key,dI,dB_X,dB_X_err,dB_Y,dB_Y_err,dB_Z,dB_Z_err
1,0.58,11.470813129402814,6.1217884044754864,-4.953364744629653,2.5878079222056685,6.509987809578887,5.633539451341889
2,0.129,5.1086693460383685,6.1217884044754864,-2.5694017959467597,2.5878079222056685,3.8236408481025137,5.633539451341889
3,0.178,4.493366348106067,6.1217884044754864,-1.5885077053171701,2.5878079222056685,-4.352710000879596,5.633539451341889
4,-0.261,3.5007892070425437,6.1217884044754864,2.639093467652856,2.5878079222056685,-19.005623164353885,5.633539451341889
5,-0.573,5.317318456538487,6.1217884044754864,-1.6657628000539262,2.5878079222056685,-1.2253242368460633,5.633539451341889
