key,dI,dB_X,dB_X_err,dB_Y,dB_Y_err,dB_Z,dB_Z_err
1,0.26676736,0.03780542618944338,0.03623225332028636,0.17848251460861952,0.040722908037250365,0.06970299051242179,0.04959417287056956
2,0.023457180000000077,0.038248284269915445,0.04801097646128564,-0.1961451187162222,0.05696483894903147,-0.08114561551315447,0.03979573023703154
3,0.09207347999999993,0.01586882767363562,0.04922130164285046,0.42261552796468926,0.0503720223628637,0.11250865439810553,0.041274885976497755
4,0.10994563999999996,0.11089334088615388,0.03581417214995036,-0.3646692003813303,0.03826961590736168,0.04856507979755875,0.03533001049435785
5,-0.10787117999999996,-0.08508495097654034,0.04662121543977815,-0.0005446543259939318,0.047835713385094354,0.3334719766339447,0.0560063820506735
6,-0.08936073999999994,0.15904207157613115,0.04655105587742844,-0.04870439227719636,0.040637462294988984,-0.3127337787667912,0.045900400302506916
7,-0.39792342,-0.021166645832632724,0.04180945258808578,0.03569356176245364,0.048330493631805846,0.033016627720027,0.040546290892700836
