key,dI,dB_X,dB_X_err,dB_Y,dB_Y_err,dB_Z,dB_Z_err
1,0.26676736,-0.03541491999457236,0.040377704890483736,0.2419539398495303,0.05145882750782956,0.15674051873762274,0.04808688858685103
2,0.023457180000000077,0.05092010757275389,0.03825995508383017,-0.12819344363713725,0.0615118341655599,-0.09388781145696967,0.04688946402878385
3,0.09207347999999993,0.2664845179508184,0.05492592089406329,0.31061921515009594,0.053124215803290985,-0.1480323442716287,0.041126472510964865
4,0.10994563999999996,-0.0428572656017252,0.037731215717014134,-0.20619322263742745,0.04265781493858415,0.013527928758007235,0.038052314257669896
5,-0.10787117999999996,-0.17370347494931337,0.05169374317151589,-0.022982862784351354,0.04188676722859786,0.24549156598462218,0.065711121869422
6,-0.08936073999999994,0.034901764071335606,0.04873145418475089,0.0834577810023216,0.04756899752832126,-0.2890924276890292,0.054638488492884
7,-0.39792342,0.09816092541955612,0.04610985110486987,-0.043642775929468414,0.03803997347627046,0.054360064384693985,0.0487404272143342
