key,dI,dB_X,dB_X_err,dB_Y,dB_Y_err,dB_Z,dB_Z_err
1,0.1401841599404157,-0.18517143710767314,0.25574860468075394,-0.045371823367997166,0.2990584176426723,0.12485724377095765,0.2604203994216813
2,0.2481835800000001,0.107844197436183,0.25574860468075394,-0.09453168682982316,0.2990584176426723,0.17484594680021104,0.2604203994216813
3,-0.04662502000000013,0.09538743580818476,0.25574860468075394,-0.2919796217598698,0.2990584176426723,-0.056669816437207025,0.2604203994216813
4,-0.03341862000000001,-0.08253735430637832,0.25574860468075394,0.20015967142684588,0.2990584176426723,0.2708281864885471,0.2604203994216813
5,-0.03172754,-0.02975721483985438,0.25574860468075394,-0.1598973572204727,0.2990584176426723,-0.1734123284276592,0.2604203994216813
6,-0.06885039999999998,-0.09923609609203153,0.25574860468075394,0.014464010838651118,0.2990584176426723,0.21488083442676145,0.2604203994216813
7,-0.01860166000000002,-0.08100224906169018,0.25574860468075394,0.17199682683985704,0.2990584176426723,0.1157235875840783,0.2604203994216813
8,-0.16841256652203235,-0.07375978599985089,0.25574860468075394,0.09912713911728764,0.2990584176426723,-0.06661123275814518,0.2604203994216813
