key,dI,dB_X,dB_X_err,dB_Y,dB_Y_err,dB_Z,dB_Z_err
1,0.1401841599404157,0.05753148015745779,0.2635144473961441,0.29996543254502583,0.2567404553747806,-0.006214590229028261,0.4242746168390764
2,0.24818358000000007,0.023782848813866053,0.2648884312951112,0.25981845490148814,0.25678877536102623,0.03036445010673816,0.42324334275730596
3,-0.04662502000000013,0.002470758177238963,0.2656352361496225,-0.03215519764145114,0.25465596815428704,-0.17252911114540126,0.42238475328453023
4,-0.03341862000000001,0.14941152416303538,0.26484468062855,-0.21043865167175113,0.2560689224977755,-0.05666123727569783,0.4227022481626571
5,-0.03172754,-0.10151006824284536,0.26686463597460613,-0.053408190265422206,0.254117937155335,-0.04085990847904952,0.42320402415228325
6,-0.06885039999999998,-0.33622273277421044,0.26522482474347453,0.2563624674366025,0.2561828584185145,0.48757676663915817,0.4217568023145172
7,-0.01860166000000002,-0.1283309285979115,0.26542096496061124,0.06362948997129436,0.25491605308190163,0.11185243682314905,0.4220290214858115
8,-0.16841256652203235,0.16099161421919206,0.26424528242798545,-0.304386373905448,0.2555404415094532,0.13849927859325106,0.4226165076878422
