key,dI,dB_X,dB_X_err,dB_Y,dB_Y_err,dB_Z,dB_Z_err
1,0.1401841599404157,-0.13110956154177875,0.2258178334925688,-0.033323833553866145,0.25605635678436145,-0.09475074564627484,0.3648596406278887
2,0.2481835800000001,0.005058714154278832,0.2258178334925688,0.11563068837217386,0.25605635678436145,-0.12120688773983446,0.3648596406278887
3,-0.04662502000000013,0.02179412304555584,0.2258178334925688,0.2158708382369614,0.25605635678436145,-0.01893544276743775,0.3648596406278887
4,-0.03341862000000001,0.05044029005468609,0.2258178334925688,0.02947683074502105,0.25605635678436145,-0.010638328408990816,0.3648596406278887
5,-0.03172754,0.1605766771717505,0.2258178334925688,-0.13573878633766426,0.25605635678436145,-0.03935714359660203,0.3648596406278887
6,-0.06885039999999998,-0.14973276686031767,0.2258178334925688,0.2813201241311916,0.25605635678436145,0.2772494500128655,0.3648596406278887
7,-0.01860166000000002,-0.12544419574774854,0.2258178334925688,0.24466598189182065,0.25605635678436145,0.14969150274142073,0.3648596406278887
8,-0.16841256652203235,0.016308721938836257,0.2258178334925688,0.2302417436360917,0.25605635678436145,0.1597190790688785,0.3648596406278887
