key,dI,dB_X,dB_X_err,dB_Y,dB_Y_err,dB_Z,dB_Z_err
1,0.1401841599404157,0.039797784077778786,0.16040326826938714,-0.21636572238546137,0.17942459424964693,-0.0029146658190555286,0.19210850971868554
2,0.24818358000000007,0.1794829419817754,0.1577449629224504,-0.3838691131447973,0.18092774136810374,-0.05690711039035534,0.19007760048482966
3,-0.04662502000000013,0.11972615317982083,0.15952002925517525,0.1147313538127932,0.17847929425589187,-0.1681285755773132,0.18938446238839643
4,-0.03341862000000001,-0.034888475822989484,0.16001561216057603,0.1776285795971404,0.17922116343894598,0.06550394549705629,0.19121476244596938
5,-0.03172754,0.010760993235245486,0.16054349666329895,0.09963903355999548,0.17806957570807927,-0.0921459161699687,0.1910350123122971
6,-0.06885039999999998,-0.10098696559382958,0.16086235124638848,0.03820410130732199,0.17944397448342997,0.2739799655046937,0.189379862803199
7,-0.01860166000000002,-0.15062354046918092,0.1630068597525285,0.11974266780566722,0.18061753024827515,0.09234091884691509,0.19145955543122842
8,-0.16841256652203235,-0.046365913231963596,0.15930572301751117,0.33440413087918586,0.18013935458618377,0.041551255644804996,0.19060942802480801
