key,dI,dB_X,dB_X_err,dB_Y,dB_Y_err,dB_Z,dB_Z_err
1,0.1401841599404157,-0.18517143710767314,0.2620844183138427,-0.045371823367997166,0.3024159240975094,0.12485724377095764,0.26481080191624584
2,0.24818358000000007,0.10784419743618301,0.2594066719650685,-0.09453168682982316,0.3041490602643741,0.17484594680021104,0.26378520532645094
3,-0.04662502000000013,0.09538743580818476,0.2600446109745492,-0.2919796217598698,0.30117175630450405,-0.05666981643720703,0.26433280027635997
4,-0.03341862000000001,-0.08253735430637832,0.25986773035938526,0.20015967142684588,0.3012901862182581,0.2708281864885471,0.2660174631045953
5,-0.03172754,-0.029757214839854385,0.25949499565598316,-0.1598973572204727,0.30139326259419874,-0.1734123284276592,0.264773203752486
6,-0.06885039999999998,-0.09923609609203154,0.259267966936858,0.01446401083865112,0.3014083113380873,0.21488083442676142,0.26259033259985315
7,-0.01860166000000002,-0.08100224906169018,0.2606765789528402,0.17199682683985706,0.3023477887205929,0.1157235875840783,0.2646439790215037
8,-0.16841256652203235,-0.07375978599985089,0.2588401121813493,0.09912713911728765,0.3029318326721215,-0.06661123275814518,0.26559478375085427
