key,dI,dB_X,dB_X_err,dB_Y,dB_Y_err,dB_Z,dB_Z_err
1,0.1401841599404157,-0.022049499593702393,0.2509389804524938,0.11678616756421789,0.23184782575286875,0.09150490593374627,0.28305801550382764
2,0.24818358000000007,-0.01207543698351543,0.25220534947388334,-0.3428101893692066,0.23187589634525324,-0.1005158128688386,0.2803523518979736
3,-0.04662502000000013,0.25547361574614413,0.24922869697591088,0.3571389838931438,0.22922687298349126,-0.14265675820763413,0.2798867700341287
4,-0.03341862000000001,-0.16525610946619196,0.24998636659565673,0.10386170467742595,0.2295157735309271,0.15873899469925412,0.2817074878454228
5,-0.03172754,-0.20334426397311134,0.2489580679676637,0.09049409138360609,0.22963454886442575,-0.2977381124559617,0.2816415245960413
6,-0.06885039999999998,-0.0029505434709271583,0.25025072952523075,-0.08160758613571062,0.22814687943325887,0.3103809877284558,0.2824885285933641
7,-0.01860166000000002,-0.3915953295798289,0.2522250858024224,0.14136542058075463,0.23234399702848343,0.058252992609974186,0.2825701487427938
8,-0.16841256652203235,0.16285909407415033,0.24924809282060825,0.13623644467352847,0.2306038474256374,0.0076752964184017,0.2815897938498236
