key,dI,dB_X,dB_X_err,dB_Y,dB_Y_err,dB_Z,dB_Z_err
1,0.1401841599404157,-0.05889840482374353,0.32648509314077945,-0.004924878092419593,0.24330808394932096,0.20971656589611598,0.29078814648680024
2,0.24818358000000007,0.05780224039138915,0.3237648932458763,-0.33628876399520324,0.24477728827511075,-0.17282552506440396,0.29132430751017035
3,-0.04662502000000013,0.3287557784442825,0.32373626922952214,0.21767936445031388,0.2403688511929313,-0.48696265806266226,0.2886439508552756
4,-0.03341862000000001,-0.15626014661848586,0.32762324122082104,0.04967960104841085,0.24282100770428414,0.21269561491126865,0.2941977972181473
5,-0.03172754,0.13433053731841937,0.3255456136556953,0.292506733567492,0.24092782626711665,-0.15285902636860982,0.29325318554647983
6,-0.06885039999999998,-0.3318431508783206,0.32494412076294293,-0.16716417865288458,0.24200298197128522,0.46109292370470456,0.2918262508572954
7,-0.01860166000000002,-0.08596604370242744,0.3253782192429633,0.18513128637805876,0.2433150461566824,0.04717599992977384,0.2926121128695278
8,-0.16841256652203235,0.2621052496341747,0.32472300197892334,0.04227007538987371,0.24218237094564682,-0.08795785429119007,0.2905075536501357
