key,dI,dB_X,dB_X_err,dB_Y,dB_Y_err,dB_Z,dB_Z_err
1,0.1401841599404157,-0.13110956154177877,0.2314451103491602,-0.033323833553866145,0.25942196939705503,-0.09475074564627484,0.3678974968904836
2,0.24818358000000007,0.005058714154278832,0.23024265219650467,0.11563068837217383,0.26082874814170415,-0.12120688773983446,0.3669525927194409
3,-0.04662502000000013,0.021794123045555835,0.2305066887777622,0.2158708382369614,0.26174274239737727,-0.01893544276743775,0.3675664091550753
4,-0.03341862000000001,0.05044029005468609,0.23063412415809884,0.029476830745021054,0.2628601109357337,-0.010638328408990816,0.37084389599542106
5,-0.03172754,0.1605766771717505,0.23232740774536084,-0.13573878633766423,0.262262953374055,-0.03935714359660203,0.3687883452833241
6,-0.06885039999999998,-0.14973276686031767,0.22983829278038456,0.28132012413119156,0.25984889373430364,0.2772494500128655,0.36682208245800413
7,-0.01860166000000002,-0.12544419574774857,0.2316893911465514,0.24466598189182065,0.2617782309976994,0.14969150274142073,0.36937290370228676
8,-0.16841256652203235,0.016308721938836257,0.23111768658940804,0.23024174363609173,0.25982076158646716,0.1597190790688785,0.36906227778710143
