key,dI,dB_X,dB_X_err,dB_Y,dB_Y_err,dB_Z,dB_Z_err
1,0.1401841599404157,-0.072562309974046,0.16058297101127705,-0.0039784018273394395,0.18239333507688288,0.021210802596982603,0.19000138844089276
2,0.24818358000000007,0.025911276157358998,0.15815931206408174,-0.22238229125724018,0.18327167433134878,-0.06959708956476618,0.18796739430376114
3,-0.04662502000000013,0.1695794703948934,0.15949636424249866,0.06420567516180142,0.18130424798621106,-0.18776694722254206,0.1872231928610148
4,-0.03341862000000001,-0.02523831769852336,0.1602145397999106,0.11868089967457962,0.181800495007063,0.04337556957327138,0.18914089666284162
5,-0.03172754,0.021601848582889716,0.1608939225218326,0.03496667065238768,0.18088414495894392,-0.09354970334015889,0.18891601439264333
6,-0.06885039999999998,-0.05359877050452155,0.16145166047795437,-0.03476161957762969,0.1820549793233756,0.25514677086428605,0.18720002549335782
7,-0.01860166000000002,-0.1424443769782613,0.1632091144780461,0.10921099918240884,0.18328413795579696,0.09767343747085988,0.1894272104496251
8,-0.16841256652203235,0.02681007375483091,0.1597303995320341,0.08503618722448181,0.18256808061460025,0.0496869603862109,0.18863036108979703
