key,dI,dB_X,dB_X_err,dB_Y,dB_Y_err,dB_Z,dB_Z_err
1,0.1401841599404157,-0.27013433976557,0.24554945398461434,0.10455182132286467,0.24800100534829783,-0.17391998556689403,0.272768053411179
2,0.24818358000000007,0.09097356030819626,0.2435305637193831,0.16138827556672908,0.2473604920737891,0.01927821625817483,0.27091432144255495
3,-0.04662502000000013,0.14757300243300797,0.2448054771687103,0.1840783888786035,0.248447192844307,-0.1529658115598913,0.27090522727221616
4,-0.03341862000000001,-0.030180102517550544,0.24460143979441443,0.1970679543706666,0.24863984427402536,-0.06059973427668153,0.27443951582605747
5,-0.03172754,0.08588417996485198,0.24345222927300988,0.07867320594610305,0.24726614316160853,-0.2214583185120529,0.27314110698647753
6,-0.06885039999999998,-0.08476538117266763,0.2441703886963366,0.009337480947294807,0.24854499925188675,0.2296342413947854,0.2694643254770938
7,-0.01860166000000002,-0.2088132443933608,0.24535880349977907,0.045050285026405845,0.24953245774117064,0.15763556306884352,0.2714156414288516
8,-0.16841256652203235,0.07601713412595235,0.24438324664655894,-0.1845578612510934,0.24754543771317206,0.06506907397636086,0.2701752490053024
