key,dI,dB_X,dB_X_err,dB_Y,dB_Y_err,dB_Z,dB_Z_err
1,0.1401841599404157,0.25875633489013694,0.3120479273635484,0.09930546477595037,0.250697618030685,-0.033486508258887326,0.36870720359259507
2,0.24818358000000007,0.05717903418929282,0.30565743300257037,0.05314900602643036,0.24910392826168412,0.26113225295233455,0.36850621441620474
3,-0.04662502000000013,0.03959634228575126,0.30719701428235824,-0.028132201150877556,0.2465816767062651,-0.2724123757271002,0.36680669755732115
4,-0.03341862000000001,-0.0316457158655119,0.305888118499329,0.24505412607456645,0.24699662174668047,-0.024897911010041796,0.36802808409757415
5,-0.03172754,-0.06938795301519107,0.31120294684149347,0.12932738237234975,0.24719081233342569,-0.22174762747160415,0.37194858110874107
6,-0.06885039999999998,0.19027599426360098,0.30764388609512194,-0.0015289569466094832,0.24723328507018505,0.24828414500248464,0.36693566134382594
7,-0.01860166000000002,0.06345528195832628,0.30934948485955827,0.07219915259987353,0.2493328408374941,0.5939082520957566,0.3670517568881333
8,-0.16841256652203235,-0.12105904551427926,0.31056811347141555,0.1576889439972664,0.25001098331442334,-0.4634084797938396,0.36804976258241007
