key,dI,dB_X,dB_X_err,dB_Y,dB_Y_err,dB_Z,dB_Z_err
1,0.1401841599404157,-0.0667962129214974,0.33698490667735753,0.004870563498581282,0.24742732473741236,-0.26387008897852837,0.3496864602006812
2,0.24818358000000007,0.018324774992613868,0.3370067758728482,0.18396844585506789,0.24522295206117278,0.06621008620863122,0.34664005222985395
3,-0.04662502000000013,0.19529101913135527,0.3399400637645924,-0.10462149349289696,0.2459620459722912,-0.18266009205725808,0.3464921915583943
4,-0.03341862000000001,-0.030560664844584196,0.3378127198384125,-0.2199799275277674,0.24508832285185556,-0.11927134176641019,0.3486050615303599
5,-0.03172754,0.006101517874050444,0.33871041286461195,0.0041645335780846615,0.24248168091774325,-0.16312485570855628,0.34680055996245324
6,-0.06885039999999998,-0.28021099230154256,0.336651330532975,-0.0256976323053425,0.24441209230586244,0.5347712336196899,0.34574822810257333
7,-0.01860166000000002,-0.13621250284475828,0.3361374023814364,-0.03219439801269497,0.24521076029789557,0.2823791284170696,0.3464700546207619
8,-0.16841256652203235,0.18465573077404684,0.33685028063888717,0.272052068483686,0.24627995649783754,0.37546270952635297,0.3467897899190456
