key,dI,dB_X,dB_X_err,dB_Y,dB_Y_err,dB_Z,dB_Z_err
1,-0.1890206966666667,0.056631627658447314,0.1829269961891008,-0.021803813305030673,0.14086878627144267,-0.07121208063555429,0.19095130902721671
2,-0.03027989203030307,-0.017571195544491047,0.1829269961891008,0.09658711748818227,0.14086878627144267,0.04738022085461857,0.19095130902721671
