key,dI,dB_X,dB_X_err,dB_Y,dB_Y_err,dB_Z,dB_Z_err
1,-0.1890206966666667,0.2507793010433659,0.2981709236511608,0.01065145597779793,0.2755442590876861,0.09366509032605563,0.2612449397486718
2,-0.03027989203030307,0.01723968768386186,0.2981709236511608,0.24463662874846914,0.2755442590876861,-0.15659769566399007,0.2612449397486718
