key,dI,dB_X,dB_X_err,dB_Y,dB_Y_err,dB_Z,dB_Z_err
1,-0.1890206966666667,4.529074412304908,6.1217884044754864,-5.147598940784519,2.5878079222056685,14.786582960921805,5.633539451341889
2,-0.03027989203030307,-3.1848913955909666,6.1217884044754864,0.5793939504073933,2.5878079222056685,-2.5553915417403914,5.633539451341889
