key,dI,dB_X,dB_X_err,dB_Y,dB_Y_err,dB_Z,dB_Z_err
1,-0.1890206966666667,0.013190748661534357,0.33031817664664803,-0.12078455701968593,0.3323049016325049,-0.060753429090661726,0.26386302304116005
2,-0.03027989203030307,-0.14561400829362725,0.33031817664664803,-0.021820936965246673,0.3323049016325049,-0.04550285383177233,0.26386302304116005
