key,dI,dB_X,dB_X_err,dB_Y,dB_Y_err,dB_Z,dB_Z_err
1,-0.1890206966666667,0.0518681653403803,0.1825986992147356,-0.012347424683497366,0.14098284146244575,-0.06715226530599239,0.18828613753264214
2,-0.03027989203030307,-0.014489424275211604,0.1825986992147356,0.09951617366785115,0.14098284146244575,0.05515125411848487,0.18828613753264214
