key,dI,dB_X,dB_X_err,dB_Y,dB_Y_err,dB_Z,dB_Z_err
1,-0.1890206966666667,0.09737213111747867,0.27815828516570795,0.11731133746214084,0.2238401307253525,-0.0007105437900323253,0.2749060019336722
2,-0.03027989203030307,-0.14085824847180017,0.27815828516570795,-0.0442965640322015,0.2238401307253525,0.17746477306174335,0.2749060019336722
