key,dI,dB_X,dB_X_err,dB_Y,dB_Y_err,dB_Z,dB_Z_err
1,-0.1890206966666667,0.30505539712333274,0.23467106090128784,-0.0875641612628133,0.19865399561593108,0.2182980392911773,0.2407761247541213
2,-0.03027989203030307,-0.009646762725850522,0.23467106090128784,0.11759005321634675,0.19865399561593108,0.08687659399592107,0.2407761247541213
