key,dI,dB_X,dB_X_err,dB_Y,dB_Y_err,dB_Z,dB_Z_err
1,-0.1890206966666667,0.09075541811828369,0.2006988256172399,-0.02659015784829677,0.14507768463129808,-0.05955234434782142,0.22501390441406646
2,-0.03027989203030307,-0.024600740009420363,0.2006988256172399,0.07539085724473438,0.14507768463129808,0.09338069651997216,0.22501390441406646
