key,dI,dB_X,dB_X_err,dB_Y,dB_Y_err,dB_Z,dB_Z_err
1,-0.1890206966666667,0.017295344887308772,0.3054759027562873,-0.012616301248391082,0.1976110647840052,-0.2918305871969453,0.2451370291479421
2,-0.03027989203030307,-0.1425655370391361,0.3054759027562873,0.0717136377909462,0.1976110647840052,-0.07385563557131647,0.2451370291479421
