key,dI,dB_X,dB_X_err,dB_Y,dB_Y_err,dB_Z,dB_Z_err
1,-0.1890206966666667,-0.06382706856319942,0.3049674292336634,0.061679307036932585,0.25272283072682217,-0.2505125695134467,0.2495364875373843
2,-0.03027989203030307,-0.1494355458202321,0.3049674292336634,-0.1110454409629611,0.25272283072682217,-0.03300761592464596,0.2495364875373843
