key,dI,dB_X,dB_X_err,dB_Y,dB_Y_err,dB_Z,dB_Z_err
1,-0.1890206966666667,-0.04380023392462462,0.3159831973709406,-0.07769868695626769,0.24184335823990025,0.14606544058488247,0.33809531199402315
2,-0.03027989203030307,-0.00561346732587964,0.3159831973709406,0.00506682121134272,0.24184335823990025,0.022854833979627287,0.33809531199402315
