key,dI,dB_X,dB_X_err,dB_Y,dB_Y_err,dB_Z,dB_Z_err
1,0.09689825492222225,-0.01644188140766545,0.3094319740284451,0.05761170787532244,0.2022845147204382,0.11405364898870118,0.25171574370492356
2,0.27754831,-0.0992796951743884,0.31030344007204064,-0.09975386083981164,0.2014172200329332,0.10551132379505557,0.25000111378225476
3,0.03102003333333342,-0.28572986679042245,0.3087340169158916,-0.18757565370244222,0.2013159064573945,0.07376295565172963,0.24871679711538097
4,-0.25669597555555557,0.3585515505076664,0.3089106527838338,-0.1365109569457612,0.2038257329443964,-0.040307878584926904,0.251585943453419
5,0.22930939000000006,-0.20708219686697404,0.31227701623552956,0.1696903482531127,0.2026605556919564,-0.000346214405692713,0.24993274273288058
6,0.038979560000000246,0.3382254243998055,0.31160955712054855,0.04934874766981068,0.2040301045275013,0.02216552790132109,0.24919749937435046
7,0.08596318999999997,-0.3289727728021816,0.3128694529716667,-0.18450272581860538,0.20578810397184158,0.08945075225897803,0.24953785114104668
8,-0.34891059999999996,-0.013487369915898384,0.30984382759425466,-0.01655715832815119,0.20119649820822375,0.17565440662594156,0.24979614243583226
9,-0.0744281166,0.3037521396828833,0.3101528588526416,0.10220587965777028,0.20524049373573947,0.12595675327622935,0.24857855931816125
