key,dI,dB_X,dB_X_err,dB_Y,dB_Y_err,dB_Z,dB_Z_err
1,0.09689825492222225,0.1919090229898046,0.3330499616665596,0.15506769571368606,0.33528522468618155,-0.07464574884256692,0.2701493338262515
2,0.27754831,0.08898894503674448,0.33500742432662384,-0.029876845262100993,0.3352776939625511,-0.08095397406410854,0.2691260395029152
3,0.03102003333333342,-0.06557304623896698,0.3328680840203188,-0.1441023337169991,0.33521862523633167,0.19018488675055067,0.2675316795579222
4,-0.25669597555555557,0.07863624435141503,0.3343958304780159,-0.2561074669050454,0.33567823647618333,-0.08836783286184158,0.2690680712128087
5,0.22930939000000006,0.008617169869260977,0.33643986335492176,0.03954865675437169,0.3358355607144868,-0.012915585071725744,0.2676848200476461
6,0.038979560000000246,0.3784338062277648,0.3402794386945815,0.2757750979397082,0.33526394289876443,-0.09261363457199678,0.2694098896407516
7,0.08596318999999997,0.01133086909924863,0.33691519065879394,-0.10584083398243216,0.33531413230153573,0.07801360258491563,0.26844224116808746
8,-0.34891059999999996,0.05991743478396927,0.33441654798235176,-0.1241324562439523,0.3354096048947038,0.015906236875034452,0.2701810531308704
9,-0.0744281166,0.03751149809162335,0.33495559378484363,0.07148217828768999,0.33666816317102033,-0.2029991202251633,0.26749036935017034
