key,dI,dB_X,dB_X_err,dB_Y,dB_Y_err,dB_Z,dB_Z_err
1,0.09689825492222225,0.03194155840999002,0.203490430522626,0.16855524630928187,0.14826192312651246,-0.03150058972047276,0.22797713572933756
2,0.27754831,-0.07593400540344497,0.20411932996236148,-0.046149260436884276,0.14858275633935816,0.05429418655289453,0.2292461955986915
3,0.03102003333333342,-0.06403663017500794,0.20358005860630235,-0.21606380436030292,0.1472776329970413,-0.049835289283223005,0.22812448819789338
4,-0.25669597555555557,0.06369380198813968,0.20253731260911484,-0.14931146066994927,0.14866065691592414,0.039500023129782846,0.22899984311414237
5,0.22930939000000006,-0.07332138984427239,0.20416325458035858,0.04701264187278298,0.14818107593005506,-0.2018413275921347,0.22985942070684648
6,0.038979560000000246,0.20742553986814904,0.20952111439143523,0.1999378023748264,0.1485976259514499,-0.05189877536918175,0.2273630954902262
7,0.08596318999999997,-0.06499616772398209,0.2084018579298664,-0.047892650938401005,0.15007965631652515,0.07439601324248457,0.22817038380583587
8,-0.34891059999999996,-0.0011482031804357362,0.20354599698629317,-0.09377570341791852,0.14717185226478285,0.27126300791291413,0.22824730543011051
9,-0.0744281166,0.15193323025203842,0.20343316809515585,0.0856073323409774,0.15182273859310122,-0.0364298998086241,0.22787566690817987
