key,dI,dB_X,dB_X_err,dB_Y,dB_Y_err,dB_Z,dB_Z_err
1,0.09689825492222223,0.2723147132707666,0.3049674292336634,0.2552876904162815,0.25272283072682217,-0.16422348973020462,0.2495364875373843
2,0.27754831,0.005757794666529037,0.3049674292336634,0.08675406187755641,0.25272283072682217,0.1892415344845233,0.2495364875373843
3,0.03102003333333342,0.013204398788815295,0.3049674292336634,-0.1581849783821596,0.25272283072682217,-0.11074485056708028,0.2495364875373843
4,-0.2566959755555556,0.2032263845583273,0.3049674292336634,-0.06889461275185482,0.25272283072682217,-0.2366386875174413,0.2495364875373843
5,0.2293093900000001,0.06396994361092823,0.3049674292336634,0.09417668616572428,0.25272283072682217,-0.04537533114920223,0.2495364875373843
6,0.03897956000000025,0.1033341931555114,0.3049674292336634,-0.1306209126052451,0.25272283072682217,0.10664268222672746,0.2495364875373843
7,0.08596318999999998,-0.2113155455939335,0.3049674292336634,-0.09081793949982853,0.25272283072682217,0.05833311734327396,0.2495364875373843
8,-0.3489106,0.17661882714855182,0.3049674292336634,-0.16818748116827464,0.25272283072682217,-0.018306554234563063,0.2495364875373843
9,-0.0744281166,0.14191880818794544,0.3049674292336634,0.1897344779001884,0.25272283072682217,0.17477532478412885,0.2495364875373843
