key,dI,dB_X,dB_X_err,dB_Y,dB_Y_err,dB_Z,dB_Z_err
1,0.09689825492222225,0.09460799992307045,0.319973142639055,0.37171310619524256,0.24755777157227485,0.15124377959500634,0.34249588396102415
2,0.27754831,-0.25010864358010565,0.32082479024785293,-0.07418296528500701,0.24519412647491695,-0.0429590287718824,0.34273059832560354
3,0.03102003333333342,0.19475292876857253,0.3205308480756647,-0.22213049542384766,0.24648209220351852,0.1329224745286428,0.3429959648235084
4,-0.25669597555555557,-0.1647768724521157,0.3221326636410725,-0.02772796373173847,0.2451093214879758,-0.20784662870260284,0.3431489772841632
5,0.22930939000000006,0.0008022711631241464,0.31939426461646614,-0.02929378227308277,0.24663541038144834,-0.12591057352593182,0.34524187540128953
6,0.038979560000000246,0.3079231620616767,0.3239311698990463,0.2606567856351605,0.24749155832116473,-0.23693233446443251,0.3424207503885453
7,0.08596318999999997,-0.15679949710233032,0.32526815456754854,0.07662725542370019,0.247808581264148,0.20165822332936578,0.34205121218201345
8,-0.34891059999999996,0.015180480971004329,0.3193113148281157,0.08372174653376785,0.24405299190967142,0.7169305278773486,0.3435364577569443
9,-0.0744281166,0.18688328395177223,0.3192799022318428,0.0779204263940958,0.251817975531763,0.20995987455892973,0.3405314968904494
