key,dI,dB_X,dB_X_err,dB_Y,dB_Y_err,dB_Z,dB_Z_err
1,0.09689825492222225,0.03704869811787148,0.18546045091837815,0.12267314659237627,0.1444551120271255,0.005681037322787574,0.19159517919759697
2,0.27754831,-0.056525209878742544,0.18613936853695548,-0.09252108347431687,0.14457308175724295,0.1443977155247751,0.19314023932955127
3,0.03102003333333342,-0.07128609103099848,0.18571461575697987,-0.2155652590314645,0.1431325793342355,-0.03465788345647525,0.19192999151503648
4,-0.25669597555555557,0.0507709940956147,0.1846035700579877,-0.10660677258121609,0.14462351746788613,-0.06124222261945533,0.19304540448767027
5,0.22930939000000006,-0.06788975038199396,0.18640720966428218,0.0061757434532552224,0.1440265013318151,-0.0934339690442556,0.19392556693801485
6,0.038979560000000246,0.20566351070675637,0.19222194534281947,0.1866263358123632,0.1449271128028934,-0.03706092860166166,0.1909756148302826
7,0.08596318999999997,-0.07434642870174457,0.19097097829279996,-0.06127096744773297,0.14606891113461024,0.09774074587356552,0.1927247796214906
8,-0.34891059999999996,0.0004629462700904696,0.18584104006873944,0.005548730122633572,0.1432006821461633,0.16435398551418245,0.19213805851994017
9,-0.0744281166,0.13973699304344223,0.18564470361057528,0.10292194364121343,0.1478244043707452,-0.059871470552792516,0.1913740869234849
