key,dI,dB_X,dB_X_err,dB_Y,dB_Y_err,dB_Z,dB_Z_err
1,0.09689825492222225,0.1518524192346078,0.23887289743914839,0.07040438926431314,0.20266863481676053,0.10811479240251387,0.2468655539936377
2,0.27754831,-0.21370733044636836,0.23890422088259367,-0.13645625850431742,0.2022429892191522,0.31048253127092096,0.24543050487309312
3,0.03102003333333342,-0.1459921366763659,0.238872563836518,-0.23484205747810094,0.2011139965126404,0.1793656875739913,0.24781548889638855
4,-0.25669597555555557,0.08461695037782846,0.23742304195528832,-0.06838919576747848,0.20462481926911416,-0.19367642594083634,0.24714565385348627
5,0.22930939000000006,-0.06386323341135736,0.24015539182804768,0.013055547632852438,0.20365776796688168,-0.019693315643657172,0.24722027609114383
6,0.038979560000000246,0.4162355736220853,0.2501455163270841,0.21698837248051284,0.20234091562845988,-0.03436179351898261,0.24344221158222665
7,0.08596318999999997,0.040266105393858,0.24207553720225453,-0.1008167718287396,0.20459112571859975,0.11461756494184172,0.24562823911751616
8,-0.34891059999999996,0.09274076469877102,0.24006935511600755,0.04508966601728659,0.20144622190728467,0.08364240419256674,0.24522914581770297
9,-0.0744281166,0.2914156554027727,0.2392687381010731,0.07371107378217978,0.20572021858511597,-0.04940663019105074,0.2448110440947207
