key,dI,dB_X,dB_X_err,dB_Y,dB_Y_err,dB_Z,dB_Z_err
1,0.09689825492222223,0.1518524192346078,0.23467106090128784,0.07040438926431314,0.19865399561593108,0.10811479240251387,0.2407761247541213
2,0.27754831,-0.2137073304463684,0.23467106090128784,-0.13645625850431742,0.19865399561593108,0.31048253127092096,0.2407761247541213
3,0.03102003333333342,-0.1459921366763659,0.23467106090128784,-0.2348420574781009,0.19865399561593108,0.1793656875739913,0.2407761247541213
4,-0.2566959755555556,0.08461695037782846,0.23467106090128784,-0.06838919576747847,0.19865399561593108,-0.19367642594083634,0.2407761247541213
5,0.2293093900000001,-0.06386323341135736,0.23467106090128784,0.013055547632852438,0.19865399561593108,-0.01969331564365717,0.2407761247541213
6,0.03897956000000025,0.4162355736220853,0.23467106090128784,0.21698837248051284,0.19865399561593108,-0.034361793518982615,0.2407761247541213
7,0.08596318999999998,0.040266105393858005,0.23467106090128784,-0.1008167718287396,0.19865399561593108,0.11461756494184172,0.2407761247541213
8,-0.3489106,0.09274076469877103,0.23467106090128784,0.04508966601728659,0.19865399561593108,0.08364240419256674,0.2407761247541213
9,-0.0744281166,0.2914156554027727,0.23467106090128784,0.07371107378217978,0.19865399561593108,-0.04940663019105074,0.2407761247541213
