key,dI,dB_X,dB_X_err,dB_Y,dB_Y_err,dB_Z,dB_Z_err
1,0.09689825492222225,-0.24462374318325608,0.33018508365498217,-0.09958072236195914,0.27814796725930724,-0.12891884163874323,0.3075200155855398
2,0.27754831,0.014437487568747187,0.3304206196019675,-0.1856962096762793,0.27936107508919866,-0.010283701286237346,0.30879981292680525
3,0.03102003333333342,-0.04060688198351059,0.3303471598546676,-0.32192807367166654,0.2777253065067462,-0.16731475910372495,0.30869754503811714
4,-0.25669597555555557,-0.15740511026302073,0.32980803109282636,0.0787037487562321,0.278000070320498,-0.17217798489513214,0.30824829349735916
5,0.22930939000000006,0.24263876022454056,0.3294214455583007,-0.022252753902717304,0.27845313141725564,-0.0066481473324842,0.3105732884936692
6,0.038979560000000246,0.2264935106659749,0.33040366595954535,0.3015810522337259,0.2785080550436999,-0.19282909788547187,0.3054989352954508
7,0.08596318999999997,-0.14141428821235458,0.33139655843048804,-0.11361080155877512,0.2797620868926039,-0.19226354674831114,0.30774840170580525
8,-0.34891059999999996,0.24813050928749902,0.330579471410392,-0.10555038127597882,0.2774571853481603,0.12597874857447877,0.3051142271254022
9,-0.0744281166,-0.04169256805901078,0.32881597592848066,0.143471960004514,0.2810029950232241,-0.18595570203249778,0.3091344868436387
