key,dI,dB_X,dB_X_err,dB_Y,dB_Y_err,dB_Z,dB_Z_err
1,0.09689825492222223,0.03704869811787148,0.1825986992147356,0.12267314659237627,0.14098284146244575,0.005681037322787574,0.18828613753264214
2,0.27754831,-0.05652520987874255,0.1825986992147356,-0.09252108347431688,0.14098284146244575,0.1443977155247751,0.18828613753264214
3,0.03102003333333342,-0.07128609103099848,0.1825986992147356,-0.2155652590314645,0.14098284146244575,-0.03465788345647525,0.18828613753264214
4,-0.2566959755555556,0.0507709940956147,0.1825986992147356,-0.10660677258121608,0.14098284146244575,-0.061242222619455326,0.18828613753264214
5,0.2293093900000001,-0.06788975038199396,0.1825986992147356,0.006175743453255222,0.14098284146244575,-0.0934339690442556,0.18828613753264214
6,0.03897956000000025,0.2056635107067564,0.1825986992147356,0.1866263358123632,0.14098284146244575,-0.037060928601661665,0.18828613753264214
7,0.08596318999999998,-0.07434642870174457,0.1825986992147356,-0.06127096744773298,0.14098284146244575,0.09774074587356553,0.18828613753264214
8,-0.3489106,0.0004629462700904696,0.1825986992147356,0.005548730122633572,0.14098284146244575,0.16435398551418245,0.18828613753264214
9,-0.0744281166,0.13973699304344225,0.1825986992147356,0.10292194364121343,0.14098284146244575,-0.05987147055279252,0.18828613753264214
