key,dI,dB_X,dB_X_err,dB_Y,dB_Y_err,dB_Z,dB_Z_err
1,0.09689825492222225,0.032175088239171146,0.18591668128135078,0.1275788374236262,0.14433010187843062,0.01127953830166284,0.19448062547256478
2,0.27754831,-0.05335667004243305,0.18658991157699162,-0.10268422969792024,0.14421023425558838,0.1443725784861094,0.19570062932688978
3,0.03102003333333342,-0.061287383563211506,0.18599932457942642,-0.21389895082024069,0.14305096323072536,-0.05818757738973268,0.19459749031518425
4,-0.25669597555555557,0.048749354278186274,0.18502778607772716,-0.1105956160631747,0.14449305585891004,-0.06442068009829427,0.19557624736545856
5,0.22930939000000006,-0.05809452742707322,0.18674751185540697,0.0010989867911561646,0.14417242791516421,-0.10272410288365741,0.19666551742226468
6,0.038979560000000246,0.21143616022894207,0.19249375301309077,0.199790407231748,0.14454635479104627,-0.035580086359724206,0.1937413192571335
7,0.08596318999999997,-0.08384368618840199,0.1913363338754732,-0.08669496694929268,0.14561965571431607,0.05425254901676979,0.19462746313481114
8,-0.34891059999999996,-0.013960868389972347,0.18610596463192028,0.01640845528647894,0.14303199165420763,0.15345096532559133,0.19480278890717406
9,-0.0744281166,0.1464038669368506,0.18609790448888283,0.10298834070364649,0.14823167154675504,-0.05144906095015145,0.19426353781250172
