key,dI,dB_X,dB_X_err,dB_Y,dB_Y_err,dB_Z,dB_Z_err
1,0.09689825492222225,-0.03643161222194635,0.3014703470131289,0.26284600436645267,0.2788918576159648,0.07673843132544889,0.26521938122410293
2,0.27754831,0.0995829018111678,0.3036290494438813,0.056821279955511006,0.2793568142768084,0.03049557156118965,0.2671046724578418
3,0.03102003333333342,-0.18139751811007443,0.30307389438932897,-0.4383257838297354,0.280354525756502,0.05285805893312201,0.2672680012615409
4,-0.25669597555555557,0.01155191378472864,0.30016341855509937,-0.3101003734705441,0.2829287678364031,-0.04286985197881776,0.26867796237003516
5,0.22930939000000006,-0.191492574521547,0.30329139404385064,-0.00018690644486385466,0.2789879782442675,-0.07669475864457098,0.2666418435154242
6,0.038979560000000246,0.03683879657734224,0.3070249862677844,0.16942182590297927,0.28096452570827063,-0.02151933251005289,0.2664805206474114
7,0.08596318999999997,-0.04721586651283616,0.3081644060866657,-0.04321328733343188,0.2787496676516593,0.12074433562173681,0.26552271318140125
8,-0.34891059999999996,0.07695642403179193,0.30421031436837487,0.0625840001031932,0.27887145347227643,0.11577853070866695,0.2655840756574305
9,-0.0744281166,0.1452252874273583,0.3011874069098303,-0.005478320432479311,0.2821262937772158,-0.058878013265768914,0.2671417614957884
