key,dI,dB_X,dB_X_err,dB_Y,dB_Y_err,dB_Z,dB_Z_err
1,0.09689825492222225,0.2723147132707666,0.3099244755719269,0.2552876904162815,0.25777980402158146,-0.16422348973020462,0.25580564880320955
2,0.27754831,0.005757794666529037,0.30863259110515523,0.08675406187755641,0.2588895327463963,0.1892415344845233,0.2558142860473832
3,0.03102003333333342,0.013204398788815297,0.307921341915785,-0.1581849783821596,0.25567012034996245,-0.11074485056708028,0.25393563923232515
4,-0.25669597555555557,0.2032263845583273,0.308221208576046,-0.06889461275185482,0.25840150146307667,-0.23663868751744133,0.25529634993970385
5,0.22930939000000006,0.06396994361092823,0.30843779676351196,0.09417668616572428,0.2581482867508263,-0.045375331149202225,0.2558934692351663
6,0.038979560000000246,0.1033341931555114,0.30963014805242395,-0.1306209126052451,0.2596079243688286,0.10664268222672746,0.2528135505289517
7,0.08596318999999997,-0.2113155455939335,0.3111469307079634,-0.09081793949982853,0.2586842758899037,0.058333117343273955,0.25452004985004645
8,-0.34891059999999996,0.17661882714855182,0.3102328891208248,-0.16818748116827464,0.25638192082075073,-0.018306554234563066,0.2543815711900958
9,-0.0744281166,0.14191880818794544,0.3093055955243865,0.18973447790018838,0.2577904272744667,0.17477532478412883,0.2552972057932329
