key,dI,dB_X,dB_X_err,dB_Y,dB_Y_err,dB_Z,dB_Z_err
1,0.09689825492222225,-0.07983654881724345,0.2824195736848347,-0.045412083480961485,0.22824689012321625,0.15533107264607948,0.27899649716372366
2,0.27754831,0.16909549665961432,0.28102321165936245,-0.14044892413957655,0.23012121000993488,0.3632736409185977,0.27860607331557985
3,0.03102003333333342,-0.19373475288147812,0.28192392795797616,-0.2879035308596727,0.22723612561626785,-0.25094384754284826,0.27978753204110873
4,-0.25669597555555557,-0.027470543180529106,0.2819324712579119,0.1556800475918294,0.22996666235707344,-0.16059504402333258,0.2780507756940902
5,0.22930939000000006,0.06023554076431559,0.2825978168876019,0.054322980261076736,0.2300138820844686,-0.004596575631424127,0.28027444437846194
6,0.038979560000000246,-0.06975927752207234,0.28788667314941513,0.16955930740549263,0.22728365583136656,-0.016042160537645955,0.28038033224765435
7,0.08596318999999997,-0.3748795602614887,0.2846621788667262,0.0008350114008237597,0.23148419861563505,0.27339108262425715,0.2798018277312951
8,-0.34891059999999996,-0.1255604427114987,0.2814556025528029,0.00463572194905737,0.22819205946790028,-0.07681533143163355,0.2783574144098494
9,-0.0744281166,0.387361655186087,0.28278849902847525,0.3744224961168001,0.22924228547764397,-0.051705960505727955,0.2778084183000555
