key,dI,dB_X,dB_X_err,dB_Y,dB_Y_err,dB_Z,dB_Z_err
1,0.09689825492222223,-0.2446237431832561,0.32575640339540923,-0.09958072236195914,0.27485415423632303,-0.12891884163874326,0.3025564889947024
2,0.27754831,0.014437487568747187,0.32575640339540923,-0.1856962096762793,0.27485415423632303,-0.010283701286237346,0.3025564889947024
3,0.03102003333333342,-0.04060688198351059,0.32575640339540923,-0.3219280736716665,0.27485415423632303,-0.16731475910372495,0.3025564889947024
4,-0.2566959755555556,-0.15740511026302073,0.32575640339540923,0.0787037487562321,0.27485415423632303,-0.17217798489513214,0.3025564889947024
5,0.2293093900000001,0.24263876022454056,0.32575640339540923,-0.022252753902717304,0.27485415423632303,-0.0066481473324842,0.3025564889947024
6,0.03897956000000025,0.2264935106659749,0.32575640339540923,0.3015810522337259,0.27485415423632303,-0.19282909788547187,0.3025564889947024
7,0.08596318999999998,-0.14141428821235458,0.32575640339540923,-0.11361080155877512,0.27485415423632303,-0.19226354674831114,0.3025564889947024
8,-0.3489106,0.24813050928749905,0.32575640339540923,-0.10555038127597882,0.27485415423632303,0.12597874857447874,0.3025564889947024
9,-0.0744281166,-0.04169256805901078,0.32575640339540923,0.143471960004514,0.27485415423632303,-0.18595570203249775,0.3025564889947024
