key,dI,dB_X,dB_X_err,dB_Y,dB_Y_err,dB_Z,dB_Z_err
1,0.09689825492222225,-8.77835162077099,6.151352772652435,1.3624433310687891,2.6083716331782703,1.2503473115502857,5.789140237028285
2,0.27754831,-6.406465930907871,6.1453527533253,4.040117274125805,2.615329290677584,-6.217286642466206,5.684805432185447
3,0.03102003333333342,2.812870945504983,6.151813597575185,-1.6566981799915084,2.5972919060704234,4.881470887572505,5.6825800441581045
4,-0.25669597555555557,-3.299204514856683,6.24587749441295,-0.9112941781277186,2.642577198388347,-2.33667544455966,5.784449403821984
5,0.22930939000000006,6.2904955351987155,6.216443019010221,-2.2441934114467585,2.631311101220901,-1.1590761263505556,5.66381604848262
6,0.038979560000000246,-4.589367854932789,6.220141781527288,5.3406236928276485,2.6673646955211656,-12.587119948118925,5.6859658934510815
7,0.08596318999999997,0.43705268268240616,6.159852416816529,2.3381479217641754,2.602472101581226,-9.229219866450876,5.656981125381501
8,-0.34891059999999996,-0.25452401430811733,6.129342378316863,0.6721483331421041,2.605134013384563,-3.1378959417925216,5.7282687133490615
9,-0.0744281166,4.652693922718754,6.184365380608842,-1.181219677790068,2.6219381830283037,3.3167013519559987,5.715054762655308
