key,dI,dB_X,dB_X_err,dB_Y,dB_Y_err,dB_Z,dB_Z_err
1,0.257,0.057531480157457786,0.259885443451743,0.29996543254502583,0.25138005379878525,-0.006214590229028261,0.4201676443635005
2,0.301,0.023782848813866053,0.259885443451743,0.2598184549014881,0.25138005379878525,0.03036445010673816,0.4201676443635005
3,-0.082,0.002470758177238963,0.259885443451743,-0.03215519764145114,0.25138005379878525,-0.17252911114540126,0.4201676443635005
4,-0.045,0.14941152416303538,0.259885443451743,-0.2104386516717512,0.25138005379878525,-0.05666123727569782,0.4201676443635005
5,-0.064,-0.10151006824284536,0.259885443451743,-0.053408190265422206,0.25138005379878525,-0.040859908479049516,0.4201676443635005
6,-0.112,-0.33622273277421044,0.259885443451743,0.2563624674366025,0.25138005379878525,0.4875767666391582,0.4201676443635005
7,-0.015,-0.1283309285979115,0.259885443451743,0.06362948997129436,0.25138005379878525,0.11185243682314903,0.4201676443635005
8,-0.274,0.16099161421919206,0.259885443451743,-0.304386373905448,0.25138005379878525,0.13849927859325106,0.4201676443635005
