key,dI,dB_X,dB_X_err,dB_Y,dB_Y_err,dB_Z,dB_Z_err
1,0.257,-0.058898404823743526,0.32039403380535164,-0.004924878092419593,0.2363280937238441,0.209716565896116,0.2868082700123229
2,0.301,0.05780224039138915,0.32039403380535164,-0.33628876399520324,0.2363280937238441,-0.17282552506440396,0.2868082700123229
3,-0.082,0.3287557784442825,0.32039403380535164,0.21767936445031388,0.2363280937238441,-0.4869626580626623,0.2868082700123229
4,-0.045,-0.15626014661848586,0.32039403380535164,0.04967960104841085,0.2363280937238441,0.21269561491126865,0.2868082700123229
5,-0.064,0.13433053731841935,0.32039403380535164,0.292506733567492,0.2363280937238441,-0.15285902636860982,0.2868082700123229
6,-0.112,-0.3318431508783206,0.32039403380535164,-0.16716417865288458,0.2363280937238441,0.4610929237047046,0.2868082700123229
7,-0.015,-0.08596604370242744,0.32039403380535164,0.1851312863780588,0.2363280937238441,0.04717599992977384,0.2868082700123229
8,-0.274,0.2621052496341747,0.32039403380535164,0.042270075389873714,0.2363280937238441,-0.08795785429119007,0.2868082700123229
