key,dI,dB_X,dB_X_err,dB_Y,dB_Y_err,dB_Z,dB_Z_err
1,0.257,-0.0220494995937024,0.2458082062142108,0.11678616756421788,0.2256635527233677,0.09150490593374627,0.27816412343270763
2,0.301,-0.012075436983515429,0.2458082062142108,-0.3428101893692066,0.2256635527233677,-0.1005158128688386,0.27816412343270763
3,-0.082,0.2554736157461441,0.2458082062142108,0.3571389838931438,0.2256635527233677,-0.14265675820763413,0.27816412343270763
4,-0.045,-0.16525610946619196,0.2458082062142108,0.10386170467742596,0.2256635527233677,0.15873899469925412,0.27816412343270763
5,-0.064,-0.20334426397311134,0.2458082062142108,0.09049409138360608,0.2256635527233677,-0.2977381124559617,0.27816412343270763
6,-0.112,-0.002950543470927159,0.2458082062142108,-0.08160758613571062,0.2256635527233677,0.3103809877284558,0.27816412343270763
7,-0.015,-0.3915953295798289,0.2458082062142108,0.14136542058075466,0.2256635527233677,0.058252992609974186,0.27816412343270763
8,-0.274,0.16285909407415033,0.2458082062142108,0.13623644467352847,0.2256635527233677,0.0076752964184017,0.27816412343270763
