key,dI,dB_X,dB_X_err,dB_Y,dB_Y_err,dB_Z,dB_Z_err
1,0.257,0.039797784077778786,0.15571416255952628,-0.2163657223854613,0.1763179148390102,-0.002914665819055529,0.18744093568624376
2,0.299,0.1794829419817754,0.15571416255952628,-0.3838691131447973,0.1763179148390102,-0.056907110390355335,0.18744093568624376
3,-0.082,0.11972615317982085,0.15571416255952628,0.1147313538127932,0.1763179148390102,-0.1681285755773132,0.18744093568624376
4,-0.045,-0.034888475822989484,0.15571416255952628,0.1776285795971404,0.1763179148390102,0.06550394549705629,0.18744093568624376
5,-0.062,0.010760993235245486,0.15571416255952628,0.09963903355999547,0.1763179148390102,-0.0921459161699687,0.18744093568624376
6,-0.105,-0.10098696559382958,0.15571416255952628,0.03820410130732199,0.1763179148390102,0.2739799655046937,0.18744093568624376
7,-0.015,-0.15062354046918092,0.15571416255952628,0.11974266780566722,0.1763179148390102,0.09234091884691507,0.18744093568624376
8,-0.257,-0.0463659132319636,0.15571416255952628,0.33440413087918586,0.1763179148390102,0.041551255644804996,0.18744093568624376
