key,dI,dB_X,dB_X_err,dB_Y,dB_Y_err,dB_Z,dB_Z_err
1,0.582,-0.1319022759937596,0.259885443451743,0.08790429185265937,0.25138005379878525,-0.00487934312874927,0.4201676443635005
2,0.129,-0.08212113123693854,0.259885443451743,0.11049323455696937,0.25138005379878525,-0.05268865534885947,0.4201676443635005
3,0.177,-0.08414012665311077,0.259885443451743,-0.4235682371071405,0.25138005379878525,-0.3245190867577463,0.4201676443635005
4,-0.283,0.289940908480844,0.259885443451743,0.0959200623934855,0.25138005379878525,0.00749968124227962,0.4201676443635005
5,-0.569,0.26105984464429355,0.259885443451743,-0.3681182444467588,0.25138005379878525,-0.1921754125342829,0.4201676443635005
