key,dI,dB_X,dB_X_err,dB_Y,dB_Y_err,dB_Z,dB_Z_err
1,0.582,0.22700428848731136,0.2458082062142108,0.1854820284293908,0.2256635527233677,0.07319149261416591,0.27816412343270763
2,0.129,0.2555737454229643,0.2458082062142108,-0.09008720523589098,0.2256635527233677,-0.3151011244042277,0.27816412343270763
3,0.177,0.02340941370668404,0.2458082062142108,-0.09583019468452393,0.2256635527233677,-0.238200711062305,0.27816412343270763
4,-0.283,0.1425122098130025,0.2458082062142108,-0.08436820429650815,0.2256635527233677,-0.3563496674786286,0.27816412343270763
5,-0.569,-0.13583603810791806,0.2458082062142108,-0.2621562575631078,0.2256635527233677,0.09962720963005722,0.27816412343270763
