key,dI,dB_X,dB_X_err,dB_Y,dB_Y_err,dB_Z,dB_Z_err
1,0.582,-0.017567115159796032,0.2258178334925688,0.5390788881261344,0.25605635678436145,0.16063328393590126,0.3648596406278887
2,0.129,0.16779665377097608,0.2258178334925688,0.1936272968876032,0.25605635678436145,-0.356724347705482,0.3648596406278887
3,0.177,0.034563374961495086,0.2258178334925688,-0.016659671664049913,0.25605635678436145,-0.10991637006706513,0.3648596406278887
4,-0.283,0.06948936430799968,0.2258178334925688,-0.13274421684848606,0.25605635678436145,-0.07798542846444967,0.3648596406278887
5,-0.569,0.14826449884324155,0.2258178334925688,-0.22721415850194004,0.25605635678436145,-0.20629179804927844,0.3648596406278887
