key,dI,dB_X,dB_X_err,dB_Y,dB_Y_err,dB_Z,dB_Z_err
1,0.58,-0.031133209896665907,0.15528773989508066,-0.07997215963820102,0.17174097512300546,-0.1917960311181748,0.18748117367991526
2,0.129,0.12352840016947653,0.15528773989508066,0.039760008366696915,0.17174097512300546,0.1744476357959348,0.18748117367991526
3,0.177,0.09168281588779337,0.15528773989508066,-0.04432482164753005,0.17174097512300546,-0.14444160503464687,0.18748117367991526
4,-0.3,-0.2138406732881606,0.15528773989508066,0.2627881697197143,0.17174097512300546,0.10676211293273584,0.18748117367991526
5,-0.568,0.09581947284706872,0.15528773989508066,0.1292833541674181,0.17174097512300546,0.08426887707769826,0.18748117367991526
