key,dI,dB_X,dB_X_err,dB_Y,dB_Y_err,dB_Z,dB_Z_err
1,0.582,0.05797710386650934,0.25574860468075394,0.22140741854193452,0.2990584176426723,-0.3223208058848925,0.2604203994216813
2,0.129,0.05148086579990263,0.25574860468075394,-0.057053545245352666,0.2990584176426723,0.008934908665246155,0.2604203994216813
3,0.177,-0.102258054722828,0.25574860468075394,0.17383610577379116,0.2990584176426723,-0.166906102886891,0.2604203994216813
4,-0.283,0.2694121022423772,0.25574860468075394,-0.18321545602188927,0.2990584176426723,0.30265161527653817,0.2604203994216813
5,-0.569,0.1444276680963128,0.25574860468075394,-0.3145141517501102,0.2990584176426723,-0.047977813401494984,0.2604203994216813
