key,dI,dB_X,dB_X_err,dB_Y,dB_Y_err,dB_Z,dB_Z_err
1,0.58,-0.045503523437665734,0.15571416255952628,-0.08715222018479096,0.1763179148390102,-0.19000775702673425,0.18744093568624376
2,0.129,0.1458455357080961,0.15571416255952628,0.06373483386355616,0.1763179148390102,0.15510342179258885,0.18744093568624376
3,0.177,0.07516903413984455,0.15571416255952628,-0.04112670287879894,0.1763179148390102,-0.1583998814685259,0.18744093568624376
4,-0.3,-0.2224100372841047,0.15571416255952628,0.2656587614020438,0.1763179148390102,0.11050631549774437,0.18744093568624376
5,-0.568,0.1071674237167013,0.15571416255952628,0.12738688617189098,0.1763179148390102,0.058111258704173,0.18744093568624376
