key,dI,dB_X,dB_X_err,dB_Y,dB_Y_err,dB_Z,dB_Z_err
1,0.582,-0.07854426409754467,0.3332288427760081,0.4785233479902161,0.24012310338532986,0.23265223500098384,0.3430913916976505
2,0.129,-0.05233573839315575,0.3332288427760081,-0.04513129601039058,0.24012310338532986,-0.2277953455344459,0.3430913916976505
3,0.177,-0.1776538970909698,0.3332288427760081,-0.09131622949452367,0.24012310338532986,-0.06456707681686069,0.3430913916976505
4,-0.283,0.08155983905670006,0.3332288427760081,-0.2481400954748583,0.24012310338532986,-0.3143703212836151,0.3430913916976505
5,-0.569,0.4503155320079628,0.3332288427760081,-0.33147564306646465,0.24012310338532986,0.013047182712178085,0.3430913916976505
