key,dI,dB_X,dB_X_err,dB_Y,dB_Y_err,dB_Z,dB_Z_err
1,0.582,-0.695158953099563,0.2404693471736765,-0.6808832120138391,0.2439720388992704,-0.044785227555328884,0.2679225532999049
2,0.129,-0.15360095161445295,0.2404693471736765,0.07887804399242526,0.2439720388992704,-0.08763142147180059,0.2679225532999049
3,0.177,-0.005009685348134063,0.2404693471736765,-0.17980460956790267,0.2439720388992704,-0.2550042249785536,0.2679225532999049
4,-0.283,-0.04141990365639092,0.2404693471736765,-0.06940716812185599,0.2439720388992704,0.09087097091772156,0.2679225532999049
5,-0.569,0.4099854881274938,0.2404693471736765,0.7840813109021596,0.2439720388992704,0.2340653675594644,0.2679225532999049
