key,dI,dB_X,dB_X_err,dB_Y,dB_Y_err,dB_Z,dB_Z_err
1,0.16574385510133,-0.2532214935761985,0.33031817664664803,0.19023040980628636,0.3323049016325049,-0.30240248123810254,0.26386302304116005
2,0.04615538659932658,0.13056921278600697,0.33031817664664803,-0.27135245992617874,0.3323049016325049,0.17212769869848366,0.26386302304116005
3,-0.1812226338375084,-0.31925529875603686,0.33031817664664803,-0.17027348671915732,0.3323049016325049,0.3487048550131693,0.26386302304116005
