key,dI,dB_X,dB_X_err,dB_Y,dB_Y_err,dB_Z,dB_Z_err
1,0.16574385510133,-0.18341633124495615,0.2981709236511608,0.021560121551739364,0.2755442590876861,-0.17952647731185323,0.2612449397486718
2,0.04615538659932658,-0.04733753266621221,0.2981709236511608,-0.016902672067906854,0.2755442590876861,0.3758891711014414,0.2612449397486718
3,-0.1812226338375084,-0.18162591941987216,0.2981709236511608,-0.2504101172881512,0.2755442590876861,0.5310528849543701,0.2612449397486718
