key,dI,dB_X,dB_X_err,dB_Y,dB_Y_err,dB_Z,dB_Z_err
1,0.16574385510133,-0.03548890082165457,0.2006988256172399,0.022825147438773286,0.14507768463129808,-0.11459930332794954,0.22501390441406646
2,0.04615538659932658,0.00332098092668609,0.2006988256172399,-0.09748819697649935,0.14507768463129808,0.12163294831272964,0.22501390441406646
3,-0.1812226338375084,-0.03647280863625202,0.2006988256172399,-0.11598301211120088,0.14507768463129808,0.43327021941255595,0.22501390441406646
