key,dI,dB_X,dB_X_err,dB_Y,dB_Y_err,dB_Z,dB_Z_err
1,0.16574385510133,-0.1021067701670475,0.23467106090128784,0.08259254250257086,0.19865399561593108,-0.06472348208518497,0.2407761247541213
2,0.04615538659932658,0.024216406410651814,0.23467106090128784,-0.12280641636876233,0.19865399561593108,0.023156750847178387,0.2407761247541213
3,-0.1812226338375084,0.08549501274691451,0.23467106090128784,0.13526629223122022,0.19865399561593108,0.44084637583628705,0.2407761247541213
