key,dI,dB_X,dB_X_err,dB_Y,dB_Y_err,dB_Z,dB_Z_err
1,0.8391648063749999,-0.0976860311427874,0.33031817664664803,0.0718503775572672,0.3323049016325049,-0.13445270405165566,0.26386302304116005
2,1.3286254539583335,0.13864718808650345,0.33031817664664803,-0.006559271507687203,0.3323049016325049,0.015434117528807079,0.26386302304116005
3,-2.4171964888111113,-0.42758690758777007,0.33031817664664803,-0.08461884243774342,0.3323049016325049,-0.2672470252193282,0.26386302304116005
