key,dI,dB_X,dB_X_err,dB_Y,dB_Y_err,dB_Z,dB_Z_err
1,0.8391648063749999,-0.19957326442144918,0.27815828516570795,-0.2234423193737598,0.2238401307253525,-0.005335564180886543,0.2749060019336722
2,1.3286254539583335,-0.21290695776614665,0.27815828516570795,-0.16891697809626294,0.2238401307253525,0.18328066557920275,0.2749060019336722
3,-2.4171964888111113,-0.2544920971132889,0.27815828516570795,-0.02649832527347229,0.2238401307253525,-0.42405580899503814,0.2749060019336722
