key,dI,dB_X,dB_X_err,dB_Y,dB_Y_err,dB_Z,dB_Z_err
1,0.8391648063749999,-0.13862487953215918,0.1825986992147356,-0.11067546978108567,0.14098284146244575,-0.10551415314583323,0.18828613753264214
2,1.3286254539583335,0.013317864370293364,0.1825986992147356,0.0058436052002761585,0.14098284146244575,-0.09227530341985357,0.18828613753264214
3,-2.4171964888111113,-0.23137199578820855,0.1825986992147356,-0.015360809815234688,0.14098284146244575,-0.258933540144497,0.18828613753264214
