key,dI,dB_X,dB_X_err,dB_Y,dB_Y_err,dB_Z,dB_Z_err
1,0.8391648063749999,-0.08919711224223903,0.2981709236511608,0.06960024268447063,0.2755442590876861,-0.07240033108180555,0.2612449397486718
2,1.3286254539583335,0.0673398528057163,0.2981709236511608,-0.0709548739669481,0.2755442590876861,-0.05977001007464722,0.2612449397486718
3,-2.4171964888111113,-0.2925863919028018,0.2981709236511608,-0.10934987831193599,0.2755442590876861,-0.019552361726859147,0.2612449397486718
