key,dI,dB_X,dB_X_err,dB_Y,dB_Y_err,dB_Z,dB_Z_err
1,0.8391648063749999,-0.14224867052095647,0.1829269961891008,-0.13404779395256483,0.14086878627144267,-0.11813137074742919,0.19095130902721671
2,1.3286254539583335,0.023581012731000328,0.1829269961891008,-0.017113419609962932,0.14086878627144267,-0.12151519286671686,0.19095130902721671
3,-2.4171964888111113,-0.22813704238942023,0.1829269961891008,-0.039369072332762656,0.14086878627144267,-0.20623455544838265,0.19095130902721671
