key,dI,dB_X,dB_X_err,dB_Y,dB_Y_err,dB_Z,dB_Z_err
1,0.8391648063749999,-0.12207663551309622,0.2006988256172399,-0.09819995837133177,0.14507768463129808,-0.25450371416144435,0.22501390441406646
2,1.3286254539583335,0.08086607226455023,0.2006988256172399,0.033258382553043475,0.14507768463129808,-0.3038327580653828,0.22501390441406646
3,-2.4171964888111113,-0.28075032802308364,0.2006988256172399,-0.11011261650430271,0.14507768463129808,0.14133782625417268,0.22501390441406646
