key,dI,dB_X,dB_X_err,dB_Y,dB_Y_err,dB_Z,dB_Z_err
1,0.8391648063749999,-0.11944764037129119,0.3054759027562873,-0.17851870504037137,0.1976110647840052,-0.5088815605808854,0.2451370291479421
2,1.3286254539583335,0.008479897791335844,0.3054759027562873,0.0064585220792601206,0.1976110647840052,-0.0801773992632615,0.2451370291479421
3,-2.4171964888111113,-0.1295333936880212,0.3054759027562873,-0.029984231798518834,0.1976110647840052,-0.09158528276413236,0.2451370291479421
